/* ATIVIDADE 2

Aluno: Aimê Gomes da Nobrega
RGM: 21862222
Curso: Ciências de Dados
Universidade Cruzeiro do Sul*/


delete tb_resultado;
delete tb_prova;
delete tb_circuito;
delete tb_piloto;
delete tb_equipe;
delete tb_pais;

commit;

insert into tb_pais (nm_pais, nr_populacao, id_pais) values ('Australia', 24584619, 'P01');
insert into tb_pais (nm_pais, nr_populacao, id_pais) values ('Espanha', 46647425, 'P04');
insert into tb_pais (nm_pais, nr_populacao, id_pais) values ('Monaco', 38695, 'P06');
insert into tb_pais (nm_pais, nr_populacao, id_pais) values ('Canada', 36732091, 'P07');
insert into tb_pais (nm_pais, nr_populacao, id_pais) values ('França', 64842513, 'P08');
insert into tb_pais (nm_pais, nr_populacao, id_pais) values ('UK', 66727463, 'P09');
insert into tb_pais (nm_pais, nr_populacao, id_pais) values ('Alemanha', 82658409, 'P10');
insert into tb_pais (nm_pais, nr_populacao, id_pais) values ('Hungria', 9729822, 'P11');
insert into tb_pais (nm_pais, nr_populacao, id_pais) values ('Belgica', 11419752, 'P12');
insert into tb_pais (nm_pais, nr_populacao, id_pais) values ('Italia', 60673694, 'P13');
insert into tb_pais (nm_pais, nr_populacao, id_pais) values ('Japao', 127502728, 'P15');
insert into tb_pais (nm_pais, nr_populacao, id_pais) values ('Brasil', 207833825, 'P17');
insert into tb_pais (nm_pais, nr_populacao, id_pais) values ('USA', 325084758, 'P18');
insert into tb_pais (nm_pais, nr_populacao, id_pais) values ('Austria', 8819902, 'P19');
insert into tb_pais (nm_pais, nr_populacao, id_pais) values ('Portugal', 10288527, 'P22');
insert into tb_pais (nm_pais, nr_populacao, id_pais) values ('Mexico', 124777326, 'P24');
insert into tb_pais (nm_pais, nr_populacao, id_pais) values ('Suiça', 8455797, 'P29');
insert into tb_pais (nm_pais, nr_populacao, id_pais) values ('Finlandia', 5511372, 'P33');
insert into tb_pais (nm_pais, nr_populacao, id_pais) values ('Irlanda', 4753281, 'P36');

commit;

insert into tb_equipe (id_equipe, nm_equipe, id_pais) values (1, 'McLaren', 'P09');
insert into tb_equipe (id_equipe, nm_equipe, id_pais) values (3, 'Williams', 'P09');
insert into tb_equipe (id_equipe, nm_equipe, id_pais) values (6, 'Ferrari', 'P13');
insert into tb_equipe (id_equipe, nm_equipe, id_pais) values (22, 'Benetton', 'P13');
insert into tb_equipe (id_equipe, nm_equipe, id_pais) values (17, 'Jordan', 'P36');
insert into tb_equipe (id_equipe, nm_equipe, id_pais) values (25, 'Tyrrell', 'P09');
insert into tb_equipe (id_equipe, nm_equipe, id_pais) values (18, 'Minardi', 'P13');
insert into tb_equipe (id_equipe, nm_equipe, id_pais) values (35, 'Dallara', 'P13');
insert into tb_equipe (id_equipe, nm_equipe, id_pais) values (34, 'Brabham', 'P09');
insert into tb_equipe (id_equipe, nm_equipe, id_pais) values (32, 'Equipe Lotus', 'P09');
insert into tb_equipe (id_equipe, nm_equipe, id_pais) values (41, 'Casa Leyton', 'P09');
insert into tb_equipe (id_equipe, nm_equipe, id_pais) values (26, 'Lola', 'P09');
insert into tb_equipe (id_equipe, nm_equipe, id_pais) values (33, 'Larrousse', 'P08');
insert into tb_equipe (id_equipe, nm_equipe, id_pais) values (27, 'Ligier', 'P08');
insert into tb_equipe (id_equipe, nm_equipe, id_pais) values (40, 'Lambo', 'P13');
insert into tb_equipe (id_equipe, nm_equipe, id_pais) values (39, 'AGS', 'P08');
insert into tb_equipe (id_equipe, nm_equipe, id_pais) values (36, 'Fondmetal', 'P13');
insert into tb_equipe (id_equipe, nm_equipe, id_pais) values (29, 'Footwork', 'P09');
insert into tb_equipe (id_equipe, nm_equipe, id_pais) values (42, 'Coloni', 'P13');

commit;

insert into tb_piloto (id_piloto, nm_piloto, dt_nascimento, id_pais, id_equipe) values (30, 'Michael Schumacher', '03/01/1969', 'P10', 22);
insert into tb_piloto (id_piloto, nm_piloto, dt_nascimento, id_pais, id_equipe) values (55, 'Jean Alesi', '11/06/1964', 'P08', 6);
insert into tb_piloto (id_piloto, nm_piloto, dt_nascimento, id_pais, id_equipe) values (57, 'Mika Hakkinen', '28/09/1968', 'P33', 32);
insert into tb_piloto (id_piloto, nm_piloto, dt_nascimento, id_pais, id_equipe) values (65, 'Johnny Herbert', '25/06/1964', 'P09', 32);
insert into tb_piloto (id_piloto, nm_piloto, dt_nascimento, id_pais, id_equipe) values (70, 'Alessandro Zanardi', '23/10/1966', 'P13', 17);
insert into tb_piloto (id_piloto, nm_piloto, dt_nascimento, id_pais, id_equipe) values (77, 'Gerhard Berger', '27/08/1959', 'P19', 1);
insert into tb_piloto (id_piloto, nm_piloto, dt_nascimento, id_pais, id_equipe) values (78, 'Nicola Larini', '19/03/1964', 'P13', 40);
insert into tb_piloto (id_piloto, nm_piloto, dt_nascimento, id_pais, id_equipe) values (81, 'Gianni Morbidelli', '13/01/1968', 'P13', 18);
insert into tb_piloto (id_piloto, nm_piloto, dt_nascimento, id_pais, id_equipe) values (84, 'Martin Brundle', '01/06/1959', 'P09', 34);
insert into tb_piloto (id_piloto, nm_piloto, dt_nascimento, id_pais, id_equipe) values (87, 'Mark Blundell', '08/04/1966', 'P09', 34);
insert into tb_piloto (id_piloto, nm_piloto, dt_nascimento, id_pais, id_equipe) values (88, 'Aguri Suzuki', '08/09/1960', 'P15', 33);
insert into tb_piloto (id_piloto, nm_piloto, dt_nascimento, id_pais, id_equipe) values (90, 'Roberto Moreno', '11/02/1959', 'P17', 22);
insert into tb_piloto (id_piloto, nm_piloto, dt_nascimento, id_pais, id_equipe) values (91, 'Karl Wendlinger', '20/12/1968', 'P19', 41);
insert into tb_piloto (id_piloto, nm_piloto, dt_nascimento, id_pais, id_equipe) values (92, 'Bertrand Gachot', '23/12/1962', 'P08', 32);
insert into tb_piloto (id_piloto, nm_piloto, dt_nascimento, id_pais, id_equipe) values (94, 'Pierluigi Martini', '23/04/1961', 'P13', 18);
insert into tb_piloto (id_piloto, nm_piloto, dt_nascimento, id_pais, id_equipe) values (95, 'Nigel Mansell', '08/08/1953', 'P09', 3);
insert into tb_piloto (id_piloto, nm_piloto, dt_nascimento, id_pais, id_equipe) values (99, 'Gabriele Tarquini', '02/03/1962', 'P13', 39);
insert into tb_piloto (id_piloto, nm_piloto, dt_nascimento, id_pais, id_equipe) values (100, 'Erik Comas', '28/09/1963', 'P08', 27);
insert into tb_piloto (id_piloto, nm_piloto, dt_nascimento, id_pais, id_equipe) values (102, 'Ayrton Senna', '21/03/1960', 'P17', 1);
insert into tb_piloto (id_piloto, nm_piloto, dt_nascimento, id_pais, id_equipe) values (103, 'Éric Bernard', '24/08/1964', 'P08', 33);
insert into tb_piloto (id_piloto, nm_piloto, dt_nascimento, id_pais, id_equipe) values (105, 'Michele Alboreto', '23/12/1956', 'P13', 29);
insert into tb_piloto (id_piloto, nm_piloto, dt_nascimento, id_pais, id_equipe) values (109, 'Jyrki Jarvilehto', '31/01/1966', 'P33', 35);
insert into tb_piloto (id_piloto, nm_piloto, dt_nascimento, id_pais, id_equipe) values (110, 'Andrea de Cesaris', '31/05/1959', 'P13', 17);
insert into tb_piloto (id_piloto, nm_piloto, dt_nascimento, id_pais, id_equipe) values (117, 'Alain Prost', '24/02/1955', 'P08', 6);
insert into tb_piloto (id_piloto, nm_piloto, dt_nascimento, id_pais, id_equipe) values (119, 'Riccardo Patrese', '17/04/1954', 'P13', 3);
insert into tb_piloto (id_piloto, nm_piloto, dt_nascimento, id_pais, id_equipe) values (120, 'Fabrizio Barbazza', '02/04/1963', 'P13', 18);
insert into tb_piloto (id_piloto, nm_piloto, dt_nascimento, id_pais, id_equipe) values (122, 'Ivan Capelli', '24/05/1963', 'P13', 41);
insert into tb_piloto (id_piloto, nm_piloto, dt_nascimento, id_pais, id_equipe) values (123, 'Thierry Boutsen', '13/07/1957', 'P12', 27);
insert into tb_piloto (id_piloto, nm_piloto, dt_nascimento, id_pais, id_equipe) values (127, 'Maurício Gugelmin', '20/04/1963', 'P17', 41);
insert into tb_piloto (id_piloto, nm_piloto, dt_nascimento, id_pais, id_equipe) values (128, 'Eric Van de Poele', '30/09/1961', 'P12', 40);
insert into tb_piloto (id_piloto, nm_piloto, dt_nascimento, id_pais, id_equipe) values (129, 'Olivier Grouillard', '02/09/1958', 'P08', 36);
insert into tb_piloto (id_piloto, nm_piloto, dt_nascimento, id_pais, id_equipe) values (131, 'Stefano Modena', '12/05/1963', 'P13', 25);
insert into tb_piloto (id_piloto, nm_piloto, dt_nascimento, id_pais, id_equipe) values (133, 'Alex Caffi', '18/03/1964', 'P13', 29);
insert into tb_piloto (id_piloto, nm_piloto, dt_nascimento, id_pais, id_equipe) values (137, 'Nelson Piquet', '17/08/1952', 'P17', 22);
insert into tb_piloto (id_piloto, nm_piloto, dt_nascimento, id_pais, id_equipe) values (138, 'Satoru Nakajima', '23/02/1953', 'P15', 25);
insert into tb_piloto (id_piloto, nm_piloto, dt_nascimento, id_pais, id_equipe) values (139, 'Emanuele Pirro', '12/01/1962', 'P13', 35);
insert into tb_piloto (id_piloto, nm_piloto, dt_nascimento, id_pais, id_equipe) values (140, 'Stefan Johansson', '08/09/1956', 'P29', 29);
insert into tb_piloto (id_piloto, nm_piloto, dt_nascimento, id_pais, id_equipe) values (141, 'Julian Bailey', '09/10/1961', 'P09', 32);
insert into tb_piloto (id_piloto, nm_piloto, dt_nascimento, id_pais, id_equipe) values (142, 'Pedro Chaves', '27/02/1965', 'P22', 42);
insert into tb_piloto (id_piloto, nm_piloto, dt_nascimento, id_pais, id_equipe) values (143, 'Michael Bartels', '08/03/1968', 'P10', 32);
insert into tb_piloto (id_piloto, nm_piloto, dt_nascimento, id_pais, id_equipe) values (144, 'Naoki Hattori', '13/06/1966', 'P15', 42);

commit;

insert into tb_circuito (id_circuito, nm_circuito, nr_extensao, id_pais) values (4, 'catalunha', 'Circuito da Catalunha', 'P04');
insert into tb_circuito (id_circuito, nm_circuito, nr_extensao, id_pais) values (6, 'monaco', 'Circuito de Monaco', 'P06');
insert into tb_circuito (id_circuito, nm_circuito, nr_extensao, id_pais) values (7, 'villeneuve', 'Circuito Gilles Villeneuve', 'P07');
insert into tb_circuito (id_circuito, nm_circuito, nr_extensao, id_pais) values (8, 'magny_cours', 'Circuito de Nevers Magny-Cours', 'P08');
insert into tb_circuito (id_circuito, nm_circuito, nr_extensao, id_pais) values (9, 'silverstone', 'Circuito de Silverstone', 'P09');
insert into tb_circuito (id_circuito, nm_circuito, nr_extensao, id_pais) values (10, 'hockenheimring', 'Circuito de Hockenheimring', 'P10');
insert into tb_circuito (id_circuito, nm_circuito, nr_extensao, id_pais) values (11, 'hungaroring', 'Hungaroring', 'P11');
insert into tb_circuito (id_circuito, nm_circuito, nr_extensao, id_pais) values (13, 'spa', 'Circuito de Spa-Francorchamps', 'P12');
insert into tb_circuito (id_circuito, nm_circuito, nr_extensao, id_pais) values (14, 'monza', 'Circuito Autodromo Nazionale Monza', 'P13');
insert into tb_circuito (id_circuito, nm_circuito, nr_extensao, id_pais) values (18, 'interlagos', 'Autodromo Interlagos', 'P17');
insert into tb_circuito (id_circuito, nm_circuito, nr_extensao, id_pais) values (21, 'imola', 'Autodromo Enzo e Dino Ferrari', 'P13');
insert into tb_circuito (id_circuito, nm_circuito, nr_extensao, id_pais) values (22, 'suzuka', 'Circuito de Suzuka', 'P15');
insert into tb_circuito (id_circuito, nm_circuito, nr_extensao, id_pais) values (27, 'estoril', 'Autodromo do Estoril', 'P22');
insert into tb_circuito (id_circuito, nm_circuito, nr_extensao, id_pais) values (29, 'adelaide', 'Circuito Adelaide Street', 'P01');
insert into tb_circuito (id_circuito, nm_circuito, nr_extensao, id_pais) values (32, 'rodriguez', 'Autodromo Hermanos Rodriguez', 'P24');
insert into tb_circuito (id_circuito, nm_circuito, nr_extensao, id_pais) values (33, 'phoenix', 'Circuito Phoenix street', 'P18');

commit;

insert into tb_prova (id_prova, dt_prova, nm_situacao, id_circuito) values (305, '10/03/1991', 'Grande Premio dos EUA', 33);
insert into tb_prova (id_prova, dt_prova, nm_situacao, id_circuito) values (306, '24/03/1991', 'Grande Premio do Brasil', 18);
insert into tb_prova (id_prova, dt_prova, nm_situacao, id_circuito) values (307, '28/04/1991', 'Grande Premio de San Marino', 21);
insert into tb_prova (id_prova, dt_prova, nm_situacao, id_circuito) values (308, '12/05/1991', 'Grande Premio de Monaco', 6);
insert into tb_prova (id_prova, dt_prova, nm_situacao, id_circuito) values (309, '02/06/1991', 'Grande Premio do Canada', 7);
insert into tb_prova (id_prova, dt_prova, nm_situacao, id_circuito) values (310, '16/06/1991', 'Grande Premio do Mexico', 32);
insert into tb_prova (id_prova, dt_prova, nm_situacao, id_circuito) values (311, '07/07/1991', 'Grande Premio da França', 8);
insert into tb_prova (id_prova, dt_prova, nm_situacao, id_circuito) values (312, '14/07/1991', 'Grande Premio da Gra-Bretanha', 9);
insert into tb_prova (id_prova, dt_prova, nm_situacao, id_circuito) values (313, '28/07/1991', 'Grande Premio da Alemanha', 10);
insert into tb_prova (id_prova, dt_prova, nm_situacao, id_circuito) values (314, '11/08/1991', 'Grande Premio da Hungria', 11);
insert into tb_prova (id_prova, dt_prova, nm_situacao, id_circuito) values (315, '25/08/1991', 'Grande Premio da Belgica', 13);
insert into tb_prova (id_prova, dt_prova, nm_situacao, id_circuito) values (316, '08/09/1991', 'Grande Premio da Italia', 14);
insert into tb_prova (id_prova, dt_prova, nm_situacao, id_circuito) values (317, '22/09/1991', 'Grande Premio de Portugal', 27);
insert into tb_prova (id_prova, dt_prova, nm_situacao, id_circuito) values (318, '29/09/1991', 'Grande Premio da Espanha', 4);
insert into tb_prova (id_prova, dt_prova, nm_situacao, id_circuito) values (319, '20/10/1991', 'Grande Premio do Japao', 22);
insert into tb_prova (id_prova, dt_prova, nm_situacao, id_circuito) values (320, '03/11/1991', 'Grande Prémio da Austrália', 29);

commit;

insert into tb_resultado (id_prova, id_piloto, nr_tempo_prova, nr_coloc_final, nr_posicao_grid, nr_melhor_volta) values (305, 102, to_date('00:00:00','hh24:mi:ss'), 1, 1, 0);
insert into tb_resultado (id_prova, id_piloto, nr_tempo_prova, nr_coloc_final, nr_posicao_grid, nr_melhor_volta) values (305, 117, to_date('00:00:00','hh24:mi:ss'), 2, 2, 0);
insert into tb_resultado (id_prova, id_piloto, nr_tempo_prova, nr_coloc_final, nr_posicao_grid, nr_melhor_volta) values (305, 137, to_date('00:00:00','hh24:mi:ss'), 3, 5, 0);
insert into tb_resultado (id_prova, id_piloto, nr_tempo_prova, nr_coloc_final, nr_posicao_grid, nr_melhor_volta) values (305, 131, to_date('00:00:00','hh24:mi:ss'), 4, 11, 0);
insert into tb_resultado (id_prova, id_piloto, nr_tempo_prova, nr_coloc_final, nr_posicao_grid, nr_melhor_volta) values (305, 138, to_date('00:00:00','hh24:mi:ss'), 5, 16, 0);
insert into tb_resultado (id_prova, id_piloto, nr_tempo_prova, nr_coloc_final, nr_posicao_grid, nr_melhor_volta) values (305, 88, to_date('00:00:00','hh24:mi:ss'), 6, 21, 0);
insert into tb_resultado (id_prova, id_piloto, nr_tempo_prova, nr_coloc_final, nr_posicao_grid, nr_melhor_volta) values (305, 78, to_date('00:00:00','hh24:mi:ss'), 7, 17, 0);
insert into tb_resultado (id_prova, id_piloto, nr_tempo_prova, nr_coloc_final, nr_posicao_grid, nr_melhor_volta) values (305, 99, to_date('00:00:00','hh24:mi:ss'), 8, 22, 0);
insert into tb_resultado (id_prova, id_piloto, nr_tempo_prova, nr_coloc_final, nr_posicao_grid, nr_melhor_volta) values (305, 94, to_date('00:00:00','hh24:mi:ss'), 9, 15, 0);
insert into tb_resultado (id_prova, id_piloto, nr_tempo_prova, nr_coloc_final, nr_posicao_grid, nr_melhor_volta) values (305, 92, to_date('00:00:00','hh24:mi:ss'), 10, 14, 0);
insert into tb_resultado (id_prova, id_piloto, nr_tempo_prova, nr_coloc_final, nr_posicao_grid, nr_melhor_volta) values (305, 84, to_date('00:00:00','hh24:mi:ss'), 11, 12, 0);
insert into tb_resultado (id_prova, id_piloto, nr_tempo_prova, nr_coloc_final, nr_posicao_grid, nr_melhor_volta) values (305, 55, to_date('00:00:00','hh24:mi:ss'), 12, 6, 0);
insert into tb_resultado (id_prova, id_piloto, nr_tempo_prova, nr_coloc_final, nr_posicao_grid, nr_melhor_volta) values (305, 57, to_date('00:00:00','hh24:mi:ss'), 13, 13, 0);
insert into tb_resultado (id_prova, id_piloto, nr_tempo_prova, nr_coloc_final, nr_posicao_grid, nr_melhor_volta) values (305, 119, to_date('00:00:00','hh24:mi:ss'), 14, 3, 0);
insert into tb_resultado (id_prova, id_piloto, nr_tempo_prova, nr_coloc_final, nr_posicao_grid, nr_melhor_volta) values (305, 90, to_date('00:00:00','hh24:mi:ss'), 15, 8, 0);
insert into tb_resultado (id_prova, id_piloto, nr_tempo_prova, nr_coloc_final, nr_posicao_grid, nr_melhor_volta) values (305, 105, to_date('00:00:00','hh24:mi:ss'), 16, 25, 0);
insert into tb_resultado (id_prova, id_piloto, nr_tempo_prova, nr_coloc_final, nr_posicao_grid, nr_melhor_volta) values (305, 122, to_date('00:00:00','hh24:mi:ss'), 17, 18, 0);
insert into tb_resultado (id_prova, id_piloto, nr_tempo_prova, nr_coloc_final, nr_posicao_grid, nr_melhor_volta) values (305, 123, to_date('00:00:00','hh24:mi:ss'), 18, 20, 0);
insert into tb_resultado (id_prova, id_piloto, nr_tempo_prova, nr_coloc_final, nr_posicao_grid, nr_melhor_volta) values (305, 77, to_date('00:00:00','hh24:mi:ss'), 19, 7, 0);
insert into tb_resultado (id_prova, id_piloto, nr_tempo_prova, nr_coloc_final, nr_posicao_grid, nr_melhor_volta) values (305, 95, to_date('00:00:00','hh24:mi:ss'), 20, 4, 0);
insert into tb_resultado (id_prova, id_piloto, nr_tempo_prova, nr_coloc_final, nr_posicao_grid, nr_melhor_volta) values (305, 127, to_date('00:00:00','hh24:mi:ss'), 21, 23, 0);
insert into tb_resultado (id_prova, id_piloto, nr_tempo_prova, nr_coloc_final, nr_posicao_grid, nr_melhor_volta) values (305, 87, to_date('00:00:00','hh24:mi:ss'), 22, 24, 0);
insert into tb_resultado (id_prova, id_piloto, nr_tempo_prova, nr_coloc_final, nr_posicao_grid, nr_melhor_volta) values (305, 139, to_date('00:00:00','hh24:mi:ss'), 23, 9, 0);
insert into tb_resultado (id_prova, id_piloto, nr_tempo_prova, nr_coloc_final, nr_posicao_grid, nr_melhor_volta) values (305, 81, to_date('00:00:00','hh24:mi:ss'), 24, 26, 0);
insert into tb_resultado (id_prova, id_piloto, nr_tempo_prova, nr_coloc_final, nr_posicao_grid, nr_melhor_volta) values (305, 109, to_date('00:00:00','hh24:mi:ss'), 25, 10, 0);
insert into tb_resultado (id_prova, id_piloto, nr_tempo_prova, nr_coloc_final, nr_posicao_grid, nr_melhor_volta) values (305, 103, to_date('00:00:00','hh24:mi:ss'), 26, 19, 0);
insert into tb_resultado (id_prova, id_piloto, nr_tempo_prova, nr_coloc_final, nr_posicao_grid, nr_melhor_volta) values (305, 133, to_date('00:00:00','hh24:mi:ss'), 27, 0, 0);
insert into tb_resultado (id_prova, id_piloto, nr_tempo_prova, nr_coloc_final, nr_posicao_grid, nr_melhor_volta) values (305, 140, to_date('00:00:00','hh24:mi:ss'), 28, 0, 0);
insert into tb_resultado (id_prova, id_piloto, nr_tempo_prova, nr_coloc_final, nr_posicao_grid, nr_melhor_volta) values (305, 100, to_date('00:00:00','hh24:mi:ss'), 29, 0, 0);
insert into tb_resultado (id_prova, id_piloto, nr_tempo_prova, nr_coloc_final, nr_posicao_grid, nr_melhor_volta) values (305, 141, to_date('00:00:00','hh24:mi:ss'), 30, 0, 0);
insert into tb_resultado (id_prova, id_piloto, nr_tempo_prova, nr_coloc_final, nr_posicao_grid, nr_melhor_volta) values (305, 110, to_date('00:00:00','hh24:mi:ss'), 31, 0, 0);
insert into tb_resultado (id_prova, id_piloto, nr_tempo_prova, nr_coloc_final, nr_posicao_grid, nr_melhor_volta) values (305, 142, to_date('00:00:00','hh24:mi:ss'), 32, 0, 0);
insert into tb_resultado (id_prova, id_piloto, nr_tempo_prova, nr_coloc_final, nr_posicao_grid, nr_melhor_volta) values (305, 129, to_date('00:00:00','hh24:mi:ss'), 33, 0, 0);
insert into tb_resultado (id_prova, id_piloto, nr_tempo_prova, nr_coloc_final, nr_posicao_grid, nr_melhor_volta) values (305, 128, to_date('00:00:00','hh24:mi:ss'), 34, 0, 0);
insert into tb_resultado (id_prova, id_piloto, nr_tempo_prova, nr_coloc_final, nr_posicao_grid, nr_melhor_volta) values (306, 102, to_date('00:00:00','hh24:mi:ss'), 1, 1, 0);
insert into tb_resultado (id_prova, id_piloto, nr_tempo_prova, nr_coloc_final, nr_posicao_grid, nr_melhor_volta) values (306, 119, to_date('00:00:00','hh24:mi:ss'), 2, 2, 0);
insert into tb_resultado (id_prova, id_piloto, nr_tempo_prova, nr_coloc_final, nr_posicao_grid, nr_melhor_volta) values (306, 77, to_date('00:00:00','hh24:mi:ss'), 3, 4, 0);
insert into tb_resultado (id_prova, id_piloto, nr_tempo_prova, nr_coloc_final, nr_posicao_grid, nr_melhor_volta) values (306, 117, to_date('00:00:00','hh24:mi:ss'), 4, 6, 0);
insert into tb_resultado (id_prova, id_piloto, nr_tempo_prova, nr_coloc_final, nr_posicao_grid, nr_melhor_volta) values (306, 137, to_date('00:00:00','hh24:mi:ss'), 5, 7, 0);
insert into tb_resultado (id_prova, id_piloto, nr_tempo_prova, nr_coloc_final, nr_posicao_grid, nr_melhor_volta) values (306, 55, to_date('00:00:00','hh24:mi:ss'), 6, 5, 0);
insert into tb_resultado (id_prova, id_piloto, nr_tempo_prova, nr_coloc_final, nr_posicao_grid, nr_melhor_volta) values (306, 90, to_date('00:00:00','hh24:mi:ss'), 7, 14, 0);
insert into tb_resultado (id_prova, id_piloto, nr_tempo_prova, nr_coloc_final, nr_posicao_grid, nr_melhor_volta) values (306, 81, to_date('00:00:00','hh24:mi:ss'), 8, 21, 0);
insert into tb_resultado (id_prova, id_piloto, nr_tempo_prova, nr_coloc_final, nr_posicao_grid, nr_melhor_volta) values (306, 57, to_date('00:00:00','hh24:mi:ss'), 9, 22, 0);
insert into tb_resultado (id_prova, id_piloto, nr_tempo_prova, nr_coloc_final, nr_posicao_grid, nr_melhor_volta) values (306, 123, to_date('00:00:00','hh24:mi:ss'), 10, 18, 0);
insert into tb_resultado (id_prova, id_piloto, nr_tempo_prova, nr_coloc_final, nr_posicao_grid, nr_melhor_volta) values (306, 139, to_date('00:00:00','hh24:mi:ss'), 11, 12, 0);
insert into tb_resultado (id_prova, id_piloto, nr_tempo_prova, nr_coloc_final, nr_posicao_grid, nr_melhor_volta) values (306, 84, to_date('00:00:00','hh24:mi:ss'), 12, 26, 0);
insert into tb_resultado (id_prova, id_piloto, nr_tempo_prova, nr_coloc_final, nr_posicao_grid, nr_melhor_volta) values (306, 92, to_date('00:00:00','hh24:mi:ss'), 13, 10, 0);
insert into tb_resultado (id_prova, id_piloto, nr_tempo_prova, nr_coloc_final, nr_posicao_grid, nr_melhor_volta) values (306, 95, to_date('00:00:00','hh24:mi:ss'), 14, 3, 0);
insert into tb_resultado (id_prova, id_piloto, nr_tempo_prova, nr_coloc_final, nr_posicao_grid, nr_melhor_volta) values (306, 100, to_date('00:00:00','hh24:mi:ss'), 15, 23, 0);
insert into tb_resultado (id_prova, id_piloto, nr_tempo_prova, nr_coloc_final, nr_posicao_grid, nr_melhor_volta) values (306, 94, to_date('00:00:00','hh24:mi:ss'), 16, 20, 0);
insert into tb_resultado (id_prova, id_piloto, nr_tempo_prova, nr_coloc_final, nr_posicao_grid, nr_melhor_volta) values (306, 87, to_date('00:00:00','hh24:mi:ss'), 17, 25, 0);
insert into tb_resultado (id_prova, id_piloto, nr_tempo_prova, nr_coloc_final, nr_posicao_grid, nr_melhor_volta) values (306, 103, to_date('00:00:00','hh24:mi:ss'), 18, 11, 0);
insert into tb_resultado (id_prova, id_piloto, nr_tempo_prova, nr_coloc_final, nr_posicao_grid, nr_melhor_volta) values (306, 109, to_date('00:00:00','hh24:mi:ss'), 19, 19, 0);
insert into tb_resultado (id_prova, id_piloto, nr_tempo_prova, nr_coloc_final, nr_posicao_grid, nr_melhor_volta) values (306, 110, to_date('00:00:00','hh24:mi:ss'), 20, 13, 0);
insert into tb_resultado (id_prova, id_piloto, nr_tempo_prova, nr_coloc_final, nr_posicao_grid, nr_melhor_volta) values (306, 131, to_date('00:00:00','hh24:mi:ss'), 21, 9, 0);
insert into tb_resultado (id_prova, id_piloto, nr_tempo_prova, nr_coloc_final, nr_posicao_grid, nr_melhor_volta) values (306, 122, to_date('00:00:00','hh24:mi:ss'), 22, 15, 0);
insert into tb_resultado (id_prova, id_piloto, nr_tempo_prova, nr_coloc_final, nr_posicao_grid, nr_melhor_volta) values (306, 138, to_date('00:00:00','hh24:mi:ss'), 23, 16, 0);
insert into tb_resultado (id_prova, id_piloto, nr_tempo_prova, nr_coloc_final, nr_posicao_grid, nr_melhor_volta) values (306, 127, to_date('00:00:00','hh24:mi:ss'), 24, 8, 0);
insert into tb_resultado (id_prova, id_piloto, nr_tempo_prova, nr_coloc_final, nr_posicao_grid, nr_melhor_volta) values (306, 99, to_date('00:00:00','hh24:mi:ss'), 25, 24, 0);
insert into tb_resultado (id_prova, id_piloto, nr_tempo_prova, nr_coloc_final, nr_posicao_grid, nr_melhor_volta) values (306, 88, to_date('00:00:00','hh24:mi:ss'), 26, 17, 0);
insert into tb_resultado (id_prova, id_piloto, nr_tempo_prova, nr_coloc_final, nr_posicao_grid, nr_melhor_volta) values (306, 133, to_date('00:00:00','hh24:mi:ss'), 27, 0, 0);
insert into tb_resultado (id_prova, id_piloto, nr_tempo_prova, nr_coloc_final, nr_posicao_grid, nr_melhor_volta) values (306, 140, to_date('00:00:00','hh24:mi:ss'), 28, 0, 0);
insert into tb_resultado (id_prova, id_piloto, nr_tempo_prova, nr_coloc_final, nr_posicao_grid, nr_melhor_volta) values (306, 105, to_date('00:00:00','hh24:mi:ss'), 29, 0, 0);
insert into tb_resultado (id_prova, id_piloto, nr_tempo_prova, nr_coloc_final, nr_posicao_grid, nr_melhor_volta) values (306, 141, to_date('00:00:00','hh24:mi:ss'), 30, 0, 0);
insert into tb_resultado (id_prova, id_piloto, nr_tempo_prova, nr_coloc_final, nr_posicao_grid, nr_melhor_volta) values (306, 129, to_date('00:00:00','hh24:mi:ss'), 31, 0, 0);
insert into tb_resultado (id_prova, id_piloto, nr_tempo_prova, nr_coloc_final, nr_posicao_grid, nr_melhor_volta) values (306, 128, to_date('00:00:00','hh24:mi:ss'), 32, 0, 0);
insert into tb_resultado (id_prova, id_piloto, nr_tempo_prova, nr_coloc_final, nr_posicao_grid, nr_melhor_volta) values (306, 78, to_date('00:00:00','hh24:mi:ss'), 33, 0, 0);
insert into tb_resultado (id_prova, id_piloto, nr_tempo_prova, nr_coloc_final, nr_posicao_grid, nr_melhor_volta) values (306, 142, to_date('00:00:00','hh24:mi:ss'), 34, 0, 0);
insert into tb_resultado (id_prova, id_piloto, nr_tempo_prova, nr_coloc_final, nr_posicao_grid, nr_melhor_volta) values (307, 102, to_date('00:00:00','hh24:mi:ss'), 1, 1, 0);
insert into tb_resultado (id_prova, id_piloto, nr_tempo_prova, nr_coloc_final, nr_posicao_grid, nr_melhor_volta) values (307, 77, to_date('00:00:00','hh24:mi:ss'), 2, 5, 0);
insert into tb_resultado (id_prova, id_piloto, nr_tempo_prova, nr_coloc_final, nr_posicao_grid, nr_melhor_volta) values (307, 109, to_date('00:00:00','hh24:mi:ss'), 3, 16, 0);
insert into tb_resultado (id_prova, id_piloto, nr_tempo_prova, nr_coloc_final, nr_posicao_grid, nr_melhor_volta) values (307, 94, to_date('00:00:00','hh24:mi:ss'), 4, 9, 0);
insert into tb_resultado (id_prova, id_piloto, nr_tempo_prova, nr_coloc_final, nr_posicao_grid, nr_melhor_volta) values (307, 57, to_date('00:00:00','hh24:mi:ss'), 5, 25, 0);
insert into tb_resultado (id_prova, id_piloto, nr_tempo_prova, nr_coloc_final, nr_posicao_grid, nr_melhor_volta) values (307, 141, to_date('00:00:00','hh24:mi:ss'), 6, 26, 0);
insert into tb_resultado (id_prova, id_piloto, nr_tempo_prova, nr_coloc_final, nr_posicao_grid, nr_melhor_volta) values (307, 123, to_date('00:00:00','hh24:mi:ss'), 7, 24, 0);
insert into tb_resultado (id_prova, id_piloto, nr_tempo_prova, nr_coloc_final, nr_posicao_grid, nr_melhor_volta) values (307, 87, to_date('00:00:00','hh24:mi:ss'), 8, 23, 0);
insert into tb_resultado (id_prova, id_piloto, nr_tempo_prova, nr_coloc_final, nr_posicao_grid, nr_melhor_volta) values (307, 128, to_date('00:00:00','hh24:mi:ss'), 9, 21, 0);
insert into tb_resultado (id_prova, id_piloto, nr_tempo_prova, nr_coloc_final, nr_posicao_grid, nr_melhor_volta) values (307, 100, to_date('00:00:00','hh24:mi:ss'), 10, 19, 0);
insert into tb_resultado (id_prova, id_piloto, nr_tempo_prova, nr_coloc_final, nr_posicao_grid, nr_melhor_volta) values (307, 84, to_date('00:00:00','hh24:mi:ss'), 11, 18, 0);
insert into tb_resultado (id_prova, id_piloto, nr_tempo_prova, nr_coloc_final, nr_posicao_grid, nr_melhor_volta) values (307, 127, to_date('00:00:00','hh24:mi:ss'), 12, 15, 0);
insert into tb_resultado (id_prova, id_piloto, nr_tempo_prova, nr_coloc_final, nr_posicao_grid, nr_melhor_volta) values (307, 90, to_date('00:00:00','hh24:mi:ss'), 13, 13, 0);
insert into tb_resultado (id_prova, id_piloto, nr_tempo_prova, nr_coloc_final, nr_posicao_grid, nr_melhor_volta) values (307, 131, to_date('00:00:00','hh24:mi:ss'), 14, 6, 0);
insert into tb_resultado (id_prova, id_piloto, nr_tempo_prova, nr_coloc_final, nr_posicao_grid, nr_melhor_volta) values (307, 110, to_date('00:00:00','hh24:mi:ss'), 15, 11, 0);
insert into tb_resultado (id_prova, id_piloto, nr_tempo_prova, nr_coloc_final, nr_posicao_grid, nr_melhor_volta) values (307, 92, to_date('00:00:00','hh24:mi:ss'), 16, 13, 0);
insert into tb_resultado (id_prova, id_piloto, nr_tempo_prova, nr_coloc_final, nr_posicao_grid, nr_melhor_volta) values (307, 122, to_date('00:00:00','hh24:mi:ss'), 17, 22, 0);
insert into tb_resultado (id_prova, id_piloto, nr_tempo_prova, nr_coloc_final, nr_posicao_grid, nr_melhor_volta) values (307, 103, to_date('00:00:00','hh24:mi:ss'), 18, 17, 0);
insert into tb_resultado (id_prova, id_piloto, nr_tempo_prova, nr_coloc_final, nr_posicao_grid, nr_melhor_volta) values (307, 119, to_date('00:00:00','hh24:mi:ss'), 19, 2, 0);
insert into tb_resultado (id_prova, id_piloto, nr_tempo_prova, nr_coloc_final, nr_posicao_grid, nr_melhor_volta) values (307, 138, to_date('00:00:00','hh24:mi:ss'), 20, 10, 0);
insert into tb_resultado (id_prova, id_piloto, nr_tempo_prova, nr_coloc_final, nr_posicao_grid, nr_melhor_volta) values (307, 81, to_date('00:00:00','hh24:mi:ss'), 21, 8, 0);
insert into tb_resultado (id_prova, id_piloto, nr_tempo_prova, nr_coloc_final, nr_posicao_grid, nr_melhor_volta) values (307, 55, to_date('00:00:00','hh24:mi:ss'), 22, 7, 0);
insert into tb_resultado (id_prova, id_piloto, nr_tempo_prova, nr_coloc_final, nr_posicao_grid, nr_melhor_volta) values (307, 88, to_date('00:00:00','hh24:mi:ss'), 23, 20, 0);
insert into tb_resultado (id_prova, id_piloto, nr_tempo_prova, nr_coloc_final, nr_posicao_grid, nr_melhor_volta) values (307, 137, to_date('00:00:00','hh24:mi:ss'), 24, 14, 0);
insert into tb_resultado (id_prova, id_piloto, nr_tempo_prova, nr_coloc_final, nr_posicao_grid, nr_melhor_volta) values (307, 95, to_date('00:00:00','hh24:mi:ss'), 25, 4, 0);
insert into tb_resultado (id_prova, id_piloto, nr_tempo_prova, nr_coloc_final, nr_posicao_grid, nr_melhor_volta) values (307, 117, to_date('00:00:00','hh24:mi:ss'), 26, 3, 0);
insert into tb_resultado (id_prova, id_piloto, nr_tempo_prova, nr_coloc_final, nr_posicao_grid, nr_melhor_volta) values (307, 99, to_date('00:00:00','hh24:mi:ss'), 27, 0, 0);
insert into tb_resultado (id_prova, id_piloto, nr_tempo_prova, nr_coloc_final, nr_posicao_grid, nr_melhor_volta) values (307, 120, to_date('00:00:00','hh24:mi:ss'), 28, 0, 0);
insert into tb_resultado (id_prova, id_piloto, nr_tempo_prova, nr_coloc_final, nr_posicao_grid, nr_melhor_volta) values (307, 133, to_date('00:00:00','hh24:mi:ss'), 29, 0, 0);
insert into tb_resultado (id_prova, id_piloto, nr_tempo_prova, nr_coloc_final, nr_posicao_grid, nr_melhor_volta) values (307, 105, to_date('00:00:00','hh24:mi:ss'), 30, 0, 0);
insert into tb_resultado (id_prova, id_piloto, nr_tempo_prova, nr_coloc_final, nr_posicao_grid, nr_melhor_volta) values (307, 139, to_date('00:00:00','hh24:mi:ss'), 31, 0, 0);
insert into tb_resultado (id_prova, id_piloto, nr_tempo_prova, nr_coloc_final, nr_posicao_grid, nr_melhor_volta) values (307, 129, to_date('00:00:00','hh24:mi:ss'), 32, 0, 0);
insert into tb_resultado (id_prova, id_piloto, nr_tempo_prova, nr_coloc_final, nr_posicao_grid, nr_melhor_volta) values (307, 78, to_date('00:00:00','hh24:mi:ss'), 33, 0, 0);
insert into tb_resultado (id_prova, id_piloto, nr_tempo_prova, nr_coloc_final, nr_posicao_grid, nr_melhor_volta) values (307, 142, to_date('00:00:00','hh24:mi:ss'), 34, 0, 0);
insert into tb_resultado (id_prova, id_piloto, nr_tempo_prova, nr_coloc_final, nr_posicao_grid, nr_melhor_volta) values (308, 102, to_date('00:00:00','hh24:mi:ss'), 1, 1, 0);
insert into tb_resultado (id_prova, id_piloto, nr_tempo_prova, nr_coloc_final, nr_posicao_grid, nr_melhor_volta) values (308, 95, to_date('00:00:00','hh24:mi:ss'), 2, 5, 0);
insert into tb_resultado (id_prova, id_piloto, nr_tempo_prova, nr_coloc_final, nr_posicao_grid, nr_melhor_volta) values (308, 55, to_date('00:00:00','hh24:mi:ss'), 3, 9, 0);
insert into tb_resultado (id_prova, id_piloto, nr_tempo_prova, nr_coloc_final, nr_posicao_grid, nr_melhor_volta) values (308, 90, to_date('00:00:00','hh24:mi:ss'), 4, 8, 0);
insert into tb_resultado (id_prova, id_piloto, nr_tempo_prova, nr_coloc_final, nr_posicao_grid, nr_melhor_volta) values (308, 117, to_date('00:00:00','hh24:mi:ss'), 5, 7, 0);
insert into tb_resultado (id_prova, id_piloto, nr_tempo_prova, nr_coloc_final, nr_posicao_grid, nr_melhor_volta) values (308, 139, to_date('00:00:00','hh24:mi:ss'), 6, 12, 0);
insert into tb_resultado (id_prova, id_piloto, nr_tempo_prova, nr_coloc_final, nr_posicao_grid, nr_melhor_volta) values (308, 123, to_date('00:00:00','hh24:mi:ss'), 7, 16, 0);
insert into tb_resultado (id_prova, id_piloto, nr_tempo_prova, nr_coloc_final, nr_posicao_grid, nr_melhor_volta) values (308, 92, to_date('00:00:00','hh24:mi:ss'), 8, 23, 0);
insert into tb_resultado (id_prova, id_piloto, nr_tempo_prova, nr_coloc_final, nr_posicao_grid, nr_melhor_volta) values (308, 103, to_date('00:00:00','hh24:mi:ss'), 9, 13, 0);
insert into tb_resultado (id_prova, id_piloto, nr_tempo_prova, nr_coloc_final, nr_posicao_grid, nr_melhor_volta) values (308, 100, to_date('00:00:00','hh24:mi:ss'), 10, 26, 0);
insert into tb_resultado (id_prova, id_piloto, nr_tempo_prova, nr_coloc_final, nr_posicao_grid, nr_melhor_volta) values (308, 109, to_date('00:00:00','hh24:mi:ss'), 11, 21, 0);
insert into tb_resultado (id_prova, id_piloto, nr_tempo_prova, nr_coloc_final, nr_posicao_grid, nr_melhor_volta) values (308, 94, to_date('00:00:00','hh24:mi:ss'), 12, 14, 0);
insert into tb_resultado (id_prova, id_piloto, nr_tempo_prova, nr_coloc_final, nr_posicao_grid, nr_melhor_volta) values (308, 57, to_date('00:00:00','hh24:mi:ss'), 13, 25, 0);
insert into tb_resultado (id_prova, id_piloto, nr_tempo_prova, nr_coloc_final, nr_posicao_grid, nr_melhor_volta) values (308, 81, to_date('00:00:00','hh24:mi:ss'), 14, 17, 0);
insert into tb_resultado (id_prova, id_piloto, nr_tempo_prova, nr_coloc_final, nr_posicao_grid, nr_melhor_volta) values (308, 127, to_date('00:00:00','hh24:mi:ss'), 15, 15, 0);
insert into tb_resultado (id_prova, id_piloto, nr_tempo_prova, nr_coloc_final, nr_posicao_grid, nr_melhor_volta) values (308, 131, to_date('00:00:00','hh24:mi:ss'), 16, 2, 0);
insert into tb_resultado (id_prova, id_piloto, nr_tempo_prova, nr_coloc_final, nr_posicao_grid, nr_melhor_volta) values (308, 119, to_date('00:00:00','hh24:mi:ss'), 17, 3, 0);
insert into tb_resultado (id_prova, id_piloto, nr_tempo_prova, nr_coloc_final, nr_posicao_grid, nr_melhor_volta) values (308, 87, to_date('00:00:00','hh24:mi:ss'), 18, 19, 0);
insert into tb_resultado (id_prova, id_piloto, nr_tempo_prova, nr_coloc_final, nr_posicao_grid, nr_melhor_volta) values (308, 105, to_date('00:00:00','hh24:mi:ss'), 19, 22, 0);
insert into tb_resultado (id_prova, id_piloto, nr_tempo_prova, nr_coloc_final, nr_posicao_grid, nr_melhor_volta) values (308, 138, to_date('00:00:00','hh24:mi:ss'), 20, 11, 0);
insert into tb_resultado (id_prova, id_piloto, nr_tempo_prova, nr_coloc_final, nr_posicao_grid, nr_melhor_volta) values (308, 88, to_date('00:00:00','hh24:mi:ss'), 21, 20, 0);
insert into tb_resultado (id_prova, id_piloto, nr_tempo_prova, nr_coloc_final, nr_posicao_grid, nr_melhor_volta) values (308, 110, to_date('00:00:00','hh24:mi:ss'), 22, 10, 0);
insert into tb_resultado (id_prova, id_piloto, nr_tempo_prova, nr_coloc_final, nr_posicao_grid, nr_melhor_volta) values (308, 122, to_date('00:00:00','hh24:mi:ss'), 23, 18, 0);
insert into tb_resultado (id_prova, id_piloto, nr_tempo_prova, nr_coloc_final, nr_posicao_grid, nr_melhor_volta) values (308, 99, to_date('00:00:00','hh24:mi:ss'), 24, 24, 0);
insert into tb_resultado (id_prova, id_piloto, nr_tempo_prova, nr_coloc_final, nr_posicao_grid, nr_melhor_volta) values (308, 77, to_date('00:00:00','hh24:mi:ss'), 25, 6, 0);
insert into tb_resultado (id_prova, id_piloto, nr_tempo_prova, nr_coloc_final, nr_posicao_grid, nr_melhor_volta) values (308, 137, to_date('00:00:00','hh24:mi:ss'), 26, 4, 0);
insert into tb_resultado (id_prova, id_piloto, nr_tempo_prova, nr_coloc_final, nr_posicao_grid, nr_melhor_volta) values (308, 141, to_date('00:00:00','hh24:mi:ss'), 27, 0, 0);
insert into tb_resultado (id_prova, id_piloto, nr_tempo_prova, nr_coloc_final, nr_posicao_grid, nr_melhor_volta) values (308, 120, to_date('00:00:00','hh24:mi:ss'), 28, 0, 0);
insert into tb_resultado (id_prova, id_piloto, nr_tempo_prova, nr_coloc_final, nr_posicao_grid, nr_melhor_volta) values (308, 133, to_date('00:00:00','hh24:mi:ss'), 29, 0, 0);
insert into tb_resultado (id_prova, id_piloto, nr_tempo_prova, nr_coloc_final, nr_posicao_grid, nr_melhor_volta) values (308, 84, to_date('00:00:00','hh24:mi:ss'), 30, 0, 0);
insert into tb_resultado (id_prova, id_piloto, nr_tempo_prova, nr_coloc_final, nr_posicao_grid, nr_melhor_volta) values (308, 78, to_date('00:00:00','hh24:mi:ss'), 31, 0, 0);
insert into tb_resultado (id_prova, id_piloto, nr_tempo_prova, nr_coloc_final, nr_posicao_grid, nr_melhor_volta) values (308, 128, to_date('00:00:00','hh24:mi:ss'), 32, 0, 0);
insert into tb_resultado (id_prova, id_piloto, nr_tempo_prova, nr_coloc_final, nr_posicao_grid, nr_melhor_volta) values (308, 142, to_date('00:00:00','hh24:mi:ss'), 33, 0, 0);
insert into tb_resultado (id_prova, id_piloto, nr_tempo_prova, nr_coloc_final, nr_posicao_grid, nr_melhor_volta) values (308, 129, to_date('00:00:00','hh24:mi:ss'), 34, 0, 0);
insert into tb_resultado (id_prova, id_piloto, nr_tempo_prova, nr_coloc_final, nr_posicao_grid, nr_melhor_volta) values (309, 137, to_date('00:00:00','hh24:mi:ss'), 1, 8, 0);
insert into tb_resultado (id_prova, id_piloto, nr_tempo_prova, nr_coloc_final, nr_posicao_grid, nr_melhor_volta) values (309, 131, to_date('00:00:00','hh24:mi:ss'), 2, 9, 0);
insert into tb_resultado (id_prova, id_piloto, nr_tempo_prova, nr_coloc_final, nr_posicao_grid, nr_melhor_volta) values (309, 119, to_date('00:00:00','hh24:mi:ss'), 3, 1, 0);
insert into tb_resultado (id_prova, id_piloto, nr_tempo_prova, nr_coloc_final, nr_posicao_grid, nr_melhor_volta) values (309, 110, to_date('00:00:00','hh24:mi:ss'), 4, 11, 0);
insert into tb_resultado (id_prova, id_piloto, nr_tempo_prova, nr_coloc_final, nr_posicao_grid, nr_melhor_volta) values (309, 92, to_date('00:00:00','hh24:mi:ss'), 5, 14, 0);
insert into tb_resultado (id_prova, id_piloto, nr_tempo_prova, nr_coloc_final, nr_posicao_grid, nr_melhor_volta) values (309, 95, to_date('00:00:00','hh24:mi:ss'), 6, 2, 0);
insert into tb_resultado (id_prova, id_piloto, nr_tempo_prova, nr_coloc_final, nr_posicao_grid, nr_melhor_volta) values (309, 94, to_date('00:00:00','hh24:mi:ss'), 7, 18, 0);
insert into tb_resultado (id_prova, id_piloto, nr_tempo_prova, nr_coloc_final, nr_posicao_grid, nr_melhor_volta) values (309, 100, to_date('00:00:00','hh24:mi:ss'), 8, 26, 0);
insert into tb_resultado (id_prova, id_piloto, nr_tempo_prova, nr_coloc_final, nr_posicao_grid, nr_melhor_volta) values (309, 139, to_date('00:00:00','hh24:mi:ss'), 9, 10, 0);
insert into tb_resultado (id_prova, id_piloto, nr_tempo_prova, nr_coloc_final, nr_posicao_grid, nr_melhor_volta) values (309, 138, to_date('00:00:00','hh24:mi:ss'), 10, 12, 0);
insert into tb_resultado (id_prova, id_piloto, nr_tempo_prova, nr_coloc_final, nr_posicao_grid, nr_melhor_volta) values (309, 127, to_date('00:00:00','hh24:mi:ss'), 11, 23, 0);
insert into tb_resultado (id_prova, id_piloto, nr_tempo_prova, nr_coloc_final, nr_posicao_grid, nr_melhor_volta) values (309, 109, to_date('00:00:00','hh24:mi:ss'), 12, 17, 0);
insert into tb_resultado (id_prova, id_piloto, nr_tempo_prova, nr_coloc_final, nr_posicao_grid, nr_melhor_volta) values (309, 140, to_date('00:00:00','hh24:mi:ss'), 13, 25, 0);
insert into tb_resultado (id_prova, id_piloto, nr_tempo_prova, nr_coloc_final, nr_posicao_grid, nr_melhor_volta) values (309, 122, to_date('00:00:00','hh24:mi:ss'), 14, 13, 0);
insert into tb_resultado (id_prova, id_piloto, nr_tempo_prova, nr_coloc_final, nr_posicao_grid, nr_melhor_volta) values (309, 55, to_date('00:00:00','hh24:mi:ss'), 15, 7, 0);
insert into tb_resultado (id_prova, id_piloto, nr_tempo_prova, nr_coloc_final, nr_posicao_grid, nr_melhor_volta) values (309, 103, to_date('00:00:00','hh24:mi:ss'), 16, 19, 0);
insert into tb_resultado (id_prova, id_piloto, nr_tempo_prova, nr_coloc_final, nr_posicao_grid, nr_melhor_volta) values (309, 117, to_date('00:00:00','hh24:mi:ss'), 17, 4, 0);
insert into tb_resultado (id_prova, id_piloto, nr_tempo_prova, nr_coloc_final, nr_posicao_grid, nr_melhor_volta) values (309, 123, to_date('00:00:00','hh24:mi:ss'), 18, 16, 0);
insert into tb_resultado (id_prova, id_piloto, nr_tempo_prova, nr_coloc_final, nr_posicao_grid, nr_melhor_volta) values (309, 102, to_date('00:00:00','hh24:mi:ss'), 19, 3, 0);
insert into tb_resultado (id_prova, id_piloto, nr_tempo_prova, nr_coloc_final, nr_posicao_grid, nr_melhor_volta) values (309, 57, to_date('00:00:00','hh24:mi:ss'), 20, 24, 0);
insert into tb_resultado (id_prova, id_piloto, nr_tempo_prova, nr_coloc_final, nr_posicao_grid, nr_melhor_volta) values (309, 84, to_date('00:00:00','hh24:mi:ss'), 21, 20, 0);
insert into tb_resultado (id_prova, id_piloto, nr_tempo_prova, nr_coloc_final, nr_posicao_grid, nr_melhor_volta) values (309, 81, to_date('00:00:00','hh24:mi:ss'), 22, 15, 0);
insert into tb_resultado (id_prova, id_piloto, nr_tempo_prova, nr_coloc_final, nr_posicao_grid, nr_melhor_volta) values (309, 90, to_date('00:00:00','hh24:mi:ss'), 23, 5, 0);
insert into tb_resultado (id_prova, id_piloto, nr_tempo_prova, nr_coloc_final, nr_posicao_grid, nr_melhor_volta) values (309, 77, to_date('00:00:00','hh24:mi:ss'), 24, 6, 0);
insert into tb_resultado (id_prova, id_piloto, nr_tempo_prova, nr_coloc_final, nr_posicao_grid, nr_melhor_volta) values (309, 88, to_date('00:00:00','hh24:mi:ss'), 25, 22, 0);
insert into tb_resultado (id_prova, id_piloto, nr_tempo_prova, nr_coloc_final, nr_posicao_grid, nr_melhor_volta) values (309, 105, to_date('00:00:00','hh24:mi:ss'), 26, 21, 0);
insert into tb_resultado (id_prova, id_piloto, nr_tempo_prova, nr_coloc_final, nr_posicao_grid, nr_melhor_volta) values (309, 120, to_date('00:00:00','hh24:mi:ss'), 27, 0, 0);
insert into tb_resultado (id_prova, id_piloto, nr_tempo_prova, nr_coloc_final, nr_posicao_grid, nr_melhor_volta) values (309, 99, to_date('00:00:00','hh24:mi:ss'), 28, 0, 0);
insert into tb_resultado (id_prova, id_piloto, nr_tempo_prova, nr_coloc_final, nr_posicao_grid, nr_melhor_volta) values (309, 87, to_date('00:00:00','hh24:mi:ss'), 29, 0, 0);
insert into tb_resultado (id_prova, id_piloto, nr_tempo_prova, nr_coloc_final, nr_posicao_grid, nr_melhor_volta) values (309, 65, to_date('00:00:00','hh24:mi:ss'), 30, 0, 0);
insert into tb_resultado (id_prova, id_piloto, nr_tempo_prova, nr_coloc_final, nr_posicao_grid, nr_melhor_volta) values (309, 129, to_date('00:00:00','hh24:mi:ss'), 31, 0, 0);
insert into tb_resultado (id_prova, id_piloto, nr_tempo_prova, nr_coloc_final, nr_posicao_grid, nr_melhor_volta) values (309, 78, to_date('00:00:00','hh24:mi:ss'), 32, 0, 0);
insert into tb_resultado (id_prova, id_piloto, nr_tempo_prova, nr_coloc_final, nr_posicao_grid, nr_melhor_volta) values (309, 128, to_date('00:00:00','hh24:mi:ss'), 33, 0, 0);
insert into tb_resultado (id_prova, id_piloto, nr_tempo_prova, nr_coloc_final, nr_posicao_grid, nr_melhor_volta) values (309, 142, to_date('00:00:00','hh24:mi:ss'), 34, 0, 0);
insert into tb_resultado (id_prova, id_piloto, nr_tempo_prova, nr_coloc_final, nr_posicao_grid, nr_melhor_volta) values (310, 119, to_date('00:00:00','hh24:mi:ss'), 1, 1, 0);
insert into tb_resultado (id_prova, id_piloto, nr_tempo_prova, nr_coloc_final, nr_posicao_grid, nr_melhor_volta) values (310, 95, to_date('00:00:00','hh24:mi:ss'), 2, 2, 0);
insert into tb_resultado (id_prova, id_piloto, nr_tempo_prova, nr_coloc_final, nr_posicao_grid, nr_melhor_volta) values (310, 102, to_date('00:00:00','hh24:mi:ss'), 3, 3, 0);
insert into tb_resultado (id_prova, id_piloto, nr_tempo_prova, nr_coloc_final, nr_posicao_grid, nr_melhor_volta) values (310, 110, to_date('00:00:00','hh24:mi:ss'), 4, 11, 0);
insert into tb_resultado (id_prova, id_piloto, nr_tempo_prova, nr_coloc_final, nr_posicao_grid, nr_melhor_volta) values (310, 90, to_date('00:00:00','hh24:mi:ss'), 5, 9, 0);
insert into tb_resultado (id_prova, id_piloto, nr_tempo_prova, nr_coloc_final, nr_posicao_grid, nr_melhor_volta) values (310, 103, to_date('00:00:00','hh24:mi:ss'), 6, 23, 0);
insert into tb_resultado (id_prova, id_piloto, nr_tempo_prova, nr_coloc_final, nr_posicao_grid, nr_melhor_volta) values (310, 81, to_date('00:00:00','hh24:mi:ss'), 7, 14, 0);
insert into tb_resultado (id_prova, id_piloto, nr_tempo_prova, nr_coloc_final, nr_posicao_grid, nr_melhor_volta) values (310, 123, to_date('00:00:00','hh24:mi:ss'), 8, 10, 0);
insert into tb_resultado (id_prova, id_piloto, nr_tempo_prova, nr_coloc_final, nr_posicao_grid, nr_melhor_volta) values (310, 57, to_date('00:00:00','hh24:mi:ss'), 9, 24, 0);
insert into tb_resultado (id_prova, id_piloto, nr_tempo_prova, nr_coloc_final, nr_posicao_grid, nr_melhor_volta) values (310, 65, to_date('00:00:00','hh24:mi:ss'), 10, 25, 0);
insert into tb_resultado (id_prova, id_piloto, nr_tempo_prova, nr_coloc_final, nr_posicao_grid, nr_melhor_volta) values (310, 131, to_date('00:00:00','hh24:mi:ss'), 11, 8, 0);
insert into tb_resultado (id_prova, id_piloto, nr_tempo_prova, nr_coloc_final, nr_posicao_grid, nr_melhor_volta) values (310, 138, to_date('00:00:00','hh24:mi:ss'), 12, 13, 0);
insert into tb_resultado (id_prova, id_piloto, nr_tempo_prova, nr_coloc_final, nr_posicao_grid, nr_melhor_volta) values (310, 87, to_date('00:00:00','hh24:mi:ss'), 13, 12, 0);
insert into tb_resultado (id_prova, id_piloto, nr_tempo_prova, nr_coloc_final, nr_posicao_grid, nr_melhor_volta) values (310, 92, to_date('00:00:00','hh24:mi:ss'), 14, 20, 0);
insert into tb_resultado (id_prova, id_piloto, nr_tempo_prova, nr_coloc_final, nr_posicao_grid, nr_melhor_volta) values (310, 88, to_date('00:00:00','hh24:mi:ss'), 15, 19, 0);
insert into tb_resultado (id_prova, id_piloto, nr_tempo_prova, nr_coloc_final, nr_posicao_grid, nr_melhor_volta) values (310, 137, to_date('00:00:00','hh24:mi:ss'), 16, 6, 0);
insert into tb_resultado (id_prova, id_piloto, nr_tempo_prova, nr_coloc_final, nr_posicao_grid, nr_melhor_volta) values (310, 55, to_date('00:00:00','hh24:mi:ss'), 17, 4, 0);
insert into tb_resultado (id_prova, id_piloto, nr_tempo_prova, nr_coloc_final, nr_posicao_grid, nr_melhor_volta) values (310, 109, to_date('00:00:00','hh24:mi:ss'), 18, 16, 0);
insert into tb_resultado (id_prova, id_piloto, nr_tempo_prova, nr_coloc_final, nr_posicao_grid, nr_melhor_volta) values (310, 105, to_date('00:00:00','hh24:mi:ss'), 19, 26, 0);
insert into tb_resultado (id_prova, id_piloto, nr_tempo_prova, nr_coloc_final, nr_posicao_grid, nr_melhor_volta) values (310, 84, to_date('00:00:00','hh24:mi:ss'), 20, 17, 0);
insert into tb_resultado (id_prova, id_piloto, nr_tempo_prova, nr_coloc_final, nr_posicao_grid, nr_melhor_volta) values (310, 122, to_date('00:00:00','hh24:mi:ss'), 21, 22, 0);
insert into tb_resultado (id_prova, id_piloto, nr_tempo_prova, nr_coloc_final, nr_posicao_grid, nr_melhor_volta) values (310, 117, to_date('00:00:00','hh24:mi:ss'), 22, 7, 0);
insert into tb_resultado (id_prova, id_piloto, nr_tempo_prova, nr_coloc_final, nr_posicao_grid, nr_melhor_volta) values (310, 127, to_date('00:00:00','hh24:mi:ss'), 23, 18, 0);
insert into tb_resultado (id_prova, id_piloto, nr_tempo_prova, nr_coloc_final, nr_posicao_grid, nr_melhor_volta) values (310, 129, to_date('00:00:00','hh24:mi:ss'), 24, 21, 0);
insert into tb_resultado (id_prova, id_piloto, nr_tempo_prova, nr_coloc_final, nr_posicao_grid, nr_melhor_volta) values (310, 77, to_date('00:00:00','hh24:mi:ss'), 25, 5, 0);
insert into tb_resultado (id_prova, id_piloto, nr_tempo_prova, nr_coloc_final, nr_posicao_grid, nr_melhor_volta) values (310, 94, to_date('00:00:00','hh24:mi:ss'), 26, 15, 0);
insert into tb_resultado (id_prova, id_piloto, nr_tempo_prova, nr_coloc_final, nr_posicao_grid, nr_melhor_volta) values (310, 100, to_date('00:00:00','hh24:mi:ss'), 27, 0, 0);
insert into tb_resultado (id_prova, id_piloto, nr_tempo_prova, nr_coloc_final, nr_posicao_grid, nr_melhor_volta) values (310, 99, to_date('00:00:00','hh24:mi:ss'), 28, 0, 0);
insert into tb_resultado (id_prova, id_piloto, nr_tempo_prova, nr_coloc_final, nr_posicao_grid, nr_melhor_volta) values (310, 140, to_date('00:00:00','hh24:mi:ss'), 29, 0, 0);
insert into tb_resultado (id_prova, id_piloto, nr_tempo_prova, nr_coloc_final, nr_posicao_grid, nr_melhor_volta) values (310, 120, to_date('00:00:00','hh24:mi:ss'), 30, 0, 0);
insert into tb_resultado (id_prova, id_piloto, nr_tempo_prova, nr_coloc_final, nr_posicao_grid, nr_melhor_volta) values (310, 78, to_date('00:00:00','hh24:mi:ss'), 31, 0, 0);
insert into tb_resultado (id_prova, id_piloto, nr_tempo_prova, nr_coloc_final, nr_posicao_grid, nr_melhor_volta) values (310, 128, to_date('00:00:00','hh24:mi:ss'), 32, 0, 0);
insert into tb_resultado (id_prova, id_piloto, nr_tempo_prova, nr_coloc_final, nr_posicao_grid, nr_melhor_volta) values (310, 142, to_date('00:00:00','hh24:mi:ss'), 33, 0, 0);
insert into tb_resultado (id_prova, id_piloto, nr_tempo_prova, nr_coloc_final, nr_posicao_grid, nr_melhor_volta) values (310, 139, to_date('00:00:00','hh24:mi:ss'), 34, 0, 0);
insert into tb_resultado (id_prova, id_piloto, nr_tempo_prova, nr_coloc_final, nr_posicao_grid, nr_melhor_volta) values (311, 95, to_date('00:00:00','hh24:mi:ss'), 1, 4, 0);
insert into tb_resultado (id_prova, id_piloto, nr_tempo_prova, nr_coloc_final, nr_posicao_grid, nr_melhor_volta) values (311, 117, to_date('00:00:00','hh24:mi:ss'), 2, 2, 0);
insert into tb_resultado (id_prova, id_piloto, nr_tempo_prova, nr_coloc_final, nr_posicao_grid, nr_melhor_volta) values (311, 102, to_date('00:00:00','hh24:mi:ss'), 3, 3, 0);
insert into tb_resultado (id_prova, id_piloto, nr_tempo_prova, nr_coloc_final, nr_posicao_grid, nr_melhor_volta) values (311, 55, to_date('00:00:00','hh24:mi:ss'), 4, 6, 0);
insert into tb_resultado (id_prova, id_piloto, nr_tempo_prova, nr_coloc_final, nr_posicao_grid, nr_melhor_volta) values (311, 119, to_date('00:00:00','hh24:mi:ss'), 5, 1, 0);
insert into tb_resultado (id_prova, id_piloto, nr_tempo_prova, nr_coloc_final, nr_posicao_grid, nr_melhor_volta) values (311, 110, to_date('00:00:00','hh24:mi:ss'), 6, 13, 0);
insert into tb_resultado (id_prova, id_piloto, nr_tempo_prova, nr_coloc_final, nr_posicao_grid, nr_melhor_volta) values (311, 127, to_date('00:00:00','hh24:mi:ss'), 7, 9, 0);
insert into tb_resultado (id_prova, id_piloto, nr_tempo_prova, nr_coloc_final, nr_posicao_grid, nr_melhor_volta) values (311, 137, to_date('00:00:00','hh24:mi:ss'), 8, 7, 0);
insert into tb_resultado (id_prova, id_piloto, nr_tempo_prova, nr_coloc_final, nr_posicao_grid, nr_melhor_volta) values (311, 94, to_date('00:00:00','hh24:mi:ss'), 9, 12, 0);
insert into tb_resultado (id_prova, id_piloto, nr_tempo_prova, nr_coloc_final, nr_posicao_grid, nr_melhor_volta) values (311, 65, to_date('00:00:00','hh24:mi:ss'), 10, 20, 0);
insert into tb_resultado (id_prova, id_piloto, nr_tempo_prova, nr_coloc_final, nr_posicao_grid, nr_melhor_volta) values (311, 100, to_date('00:00:00','hh24:mi:ss'), 11, 14, 0);
insert into tb_resultado (id_prova, id_piloto, nr_tempo_prova, nr_coloc_final, nr_posicao_grid, nr_melhor_volta) values (311, 123, to_date('00:00:00','hh24:mi:ss'), 12, 16, 0);
insert into tb_resultado (id_prova, id_piloto, nr_tempo_prova, nr_coloc_final, nr_posicao_grid, nr_melhor_volta) values (311, 90, to_date('00:00:00','hh24:mi:ss'), 13, 8, 0);
insert into tb_resultado (id_prova, id_piloto, nr_tempo_prova, nr_coloc_final, nr_posicao_grid, nr_melhor_volta) values (311, 131, to_date('00:00:00','hh24:mi:ss'), 14, 11, 0);
insert into tb_resultado (id_prova, id_piloto, nr_tempo_prova, nr_coloc_final, nr_posicao_grid, nr_melhor_volta) values (311, 129, to_date('00:00:00','hh24:mi:ss'), 15, 21, 0);
insert into tb_resultado (id_prova, id_piloto, nr_tempo_prova, nr_coloc_final, nr_posicao_grid, nr_melhor_volta) values (311, 103, to_date('00:00:00','hh24:mi:ss'), 16, 23, 0);
insert into tb_resultado (id_prova, id_piloto, nr_tempo_prova, nr_coloc_final, nr_posicao_grid, nr_melhor_volta) values (311, 109, to_date('00:00:00','hh24:mi:ss'), 17, 26, 0);
insert into tb_resultado (id_prova, id_piloto, nr_tempo_prova, nr_coloc_final, nr_posicao_grid, nr_melhor_volta) values (311, 87, to_date('00:00:00','hh24:mi:ss'), 18, 17, 0);
insert into tb_resultado (id_prova, id_piloto, nr_tempo_prova, nr_coloc_final, nr_posicao_grid, nr_melhor_volta) values (311, 88, to_date('00:00:00','hh24:mi:ss'), 19, 22, 0);
insert into tb_resultado (id_prova, id_piloto, nr_tempo_prova, nr_coloc_final, nr_posicao_grid, nr_melhor_volta) values (311, 105, to_date('00:00:00','hh24:mi:ss'), 20, 25, 0);
insert into tb_resultado (id_prova, id_piloto, nr_tempo_prova, nr_coloc_final, nr_posicao_grid, nr_melhor_volta) values (311, 84, to_date('00:00:00','hh24:mi:ss'), 21, 24, 0);
insert into tb_resultado (id_prova, id_piloto, nr_tempo_prova, nr_coloc_final, nr_posicao_grid, nr_melhor_volta) values (311, 138, to_date('00:00:00','hh24:mi:ss'), 22, 18, 0);
insert into tb_resultado (id_prova, id_piloto, nr_tempo_prova, nr_coloc_final, nr_posicao_grid, nr_melhor_volta) values (311, 81, to_date('00:00:00','hh24:mi:ss'), 23, 10, 0);
insert into tb_resultado (id_prova, id_piloto, nr_tempo_prova, nr_coloc_final, nr_posicao_grid, nr_melhor_volta) values (311, 122, to_date('00:00:00','hh24:mi:ss'), 24, 15, 0);
insert into tb_resultado (id_prova, id_piloto, nr_tempo_prova, nr_coloc_final, nr_posicao_grid, nr_melhor_volta) values (311, 77, to_date('00:00:00','hh24:mi:ss'), 25, 5, 0);
insert into tb_resultado (id_prova, id_piloto, nr_tempo_prova, nr_coloc_final, nr_posicao_grid, nr_melhor_volta) values (311, 92, to_date('00:00:00','hh24:mi:ss'), 26, 19, 0);
insert into tb_resultado (id_prova, id_piloto, nr_tempo_prova, nr_coloc_final, nr_posicao_grid, nr_melhor_volta) values (311, 57, to_date('00:00:00','hh24:mi:ss'), 27, 0, 0);
insert into tb_resultado (id_prova, id_piloto, nr_tempo_prova, nr_coloc_final, nr_posicao_grid, nr_melhor_volta) values (311, 120, to_date('00:00:00','hh24:mi:ss'), 28, 0, 0);
insert into tb_resultado (id_prova, id_piloto, nr_tempo_prova, nr_coloc_final, nr_posicao_grid, nr_melhor_volta) values (311, 99, to_date('00:00:00','hh24:mi:ss'), 29, 0, 0);
insert into tb_resultado (id_prova, id_piloto, nr_tempo_prova, nr_coloc_final, nr_posicao_grid, nr_melhor_volta) values (311, 140, to_date('00:00:00','hh24:mi:ss'), 30, 0, 0);
insert into tb_resultado (id_prova, id_piloto, nr_tempo_prova, nr_coloc_final, nr_posicao_grid, nr_melhor_volta) values (311, 139, to_date('00:00:00','hh24:mi:ss'), 31, 0, 0);
insert into tb_resultado (id_prova, id_piloto, nr_tempo_prova, nr_coloc_final, nr_posicao_grid, nr_melhor_volta) values (311, 78, to_date('00:00:00','hh24:mi:ss'), 32, 0, 0);
insert into tb_resultado (id_prova, id_piloto, nr_tempo_prova, nr_coloc_final, nr_posicao_grid, nr_melhor_volta) values (311, 128, to_date('00:00:00','hh24:mi:ss'), 33, 0, 0);
insert into tb_resultado (id_prova, id_piloto, nr_tempo_prova, nr_coloc_final, nr_posicao_grid, nr_melhor_volta) values (311, 142, to_date('00:00:00','hh24:mi:ss'), 34, 0, 0);
insert into tb_resultado (id_prova, id_piloto, nr_tempo_prova, nr_coloc_final, nr_posicao_grid, nr_melhor_volta) values (312, 95, to_date('00:00:00','hh24:mi:ss'), 1, 1, 0);
insert into tb_resultado (id_prova, id_piloto, nr_tempo_prova, nr_coloc_final, nr_posicao_grid, nr_melhor_volta) values (312, 77, to_date('00:00:00','hh24:mi:ss'), 2, 4, 0);
insert into tb_resultado (id_prova, id_piloto, nr_tempo_prova, nr_coloc_final, nr_posicao_grid, nr_melhor_volta) values (312, 117, to_date('00:00:00','hh24:mi:ss'), 3, 5, 0);
insert into tb_resultado (id_prova, id_piloto, nr_tempo_prova, nr_coloc_final, nr_posicao_grid, nr_melhor_volta) values (312, 102, to_date('00:00:00','hh24:mi:ss'), 4, 2, 0);
insert into tb_resultado (id_prova, id_piloto, nr_tempo_prova, nr_coloc_final, nr_posicao_grid, nr_melhor_volta) values (312, 137, to_date('00:00:00','hh24:mi:ss'), 5, 8, 0);
insert into tb_resultado (id_prova, id_piloto, nr_tempo_prova, nr_coloc_final, nr_posicao_grid, nr_melhor_volta) values (312, 92, to_date('00:00:00','hh24:mi:ss'), 6, 17, 0);
insert into tb_resultado (id_prova, id_piloto, nr_tempo_prova, nr_coloc_final, nr_posicao_grid, nr_melhor_volta) values (312, 131, to_date('00:00:00','hh24:mi:ss'), 7, 10, 0);
insert into tb_resultado (id_prova, id_piloto, nr_tempo_prova, nr_coloc_final, nr_posicao_grid, nr_melhor_volta) values (312, 138, to_date('00:00:00','hh24:mi:ss'), 8, 15, 0);
insert into tb_resultado (id_prova, id_piloto, nr_tempo_prova, nr_coloc_final, nr_posicao_grid, nr_melhor_volta) values (312, 94, to_date('00:00:00','hh24:mi:ss'), 9, 23, 0);
insert into tb_resultado (id_prova, id_piloto, nr_tempo_prova, nr_coloc_final, nr_posicao_grid, nr_melhor_volta) values (312, 139, to_date('00:00:00','hh24:mi:ss'), 10, 18, 0);
insert into tb_resultado (id_prova, id_piloto, nr_tempo_prova, nr_coloc_final, nr_posicao_grid, nr_melhor_volta) values (312, 81, to_date('00:00:00','hh24:mi:ss'), 11, 20, 0);
insert into tb_resultado (id_prova, id_piloto, nr_tempo_prova, nr_coloc_final, nr_posicao_grid, nr_melhor_volta) values (312, 57, to_date('00:00:00','hh24:mi:ss'), 12, 25, 0);
insert into tb_resultado (id_prova, id_piloto, nr_tempo_prova, nr_coloc_final, nr_posicao_grid, nr_melhor_volta) values (312, 109, to_date('00:00:00','hh24:mi:ss'), 13, 11, 0);
insert into tb_resultado (id_prova, id_piloto, nr_tempo_prova, nr_coloc_final, nr_posicao_grid, nr_melhor_volta) values (312, 65, to_date('00:00:00','hh24:mi:ss'), 14, 24, 0);
insert into tb_resultado (id_prova, id_piloto, nr_tempo_prova, nr_coloc_final, nr_posicao_grid, nr_melhor_volta) values (312, 87, to_date('00:00:00','hh24:mi:ss'), 15, 12, 0);
insert into tb_resultado (id_prova, id_piloto, nr_tempo_prova, nr_coloc_final, nr_posicao_grid, nr_melhor_volta) values (312, 110, to_date('00:00:00','hh24:mi:ss'), 16, 13, 0);
insert into tb_resultado (id_prova, id_piloto, nr_tempo_prova, nr_coloc_final, nr_posicao_grid, nr_melhor_volta) values (312, 55, to_date('00:00:00','hh24:mi:ss'), 17, 6, 0);
insert into tb_resultado (id_prova, id_piloto, nr_tempo_prova, nr_coloc_final, nr_posicao_grid, nr_melhor_volta) values (312, 88, to_date('00:00:00','hh24:mi:ss'), 18, 22, 0);
insert into tb_resultado (id_prova, id_piloto, nr_tempo_prova, nr_coloc_final, nr_posicao_grid, nr_melhor_volta) values (312, 123, to_date('00:00:00','hh24:mi:ss'), 19, 19, 0);
insert into tb_resultado (id_prova, id_piloto, nr_tempo_prova, nr_coloc_final, nr_posicao_grid, nr_melhor_volta) values (312, 84, to_date('00:00:00','hh24:mi:ss'), 20, 14, 0);
insert into tb_resultado (id_prova, id_piloto, nr_tempo_prova, nr_coloc_final, nr_posicao_grid, nr_melhor_volta) values (312, 105, to_date('00:00:00','hh24:mi:ss'), 21, 26, 0);
insert into tb_resultado (id_prova, id_piloto, nr_tempo_prova, nr_coloc_final, nr_posicao_grid, nr_melhor_volta) values (312, 127, to_date('00:00:00','hh24:mi:ss'), 22, 9, 0);
insert into tb_resultado (id_prova, id_piloto, nr_tempo_prova, nr_coloc_final, nr_posicao_grid, nr_melhor_volta) values (312, 90, to_date('00:00:00','hh24:mi:ss'), 23, 7, 0);
insert into tb_resultado (id_prova, id_piloto, nr_tempo_prova, nr_coloc_final, nr_posicao_grid, nr_melhor_volta) values (312, 103, to_date('00:00:00','hh24:mi:ss'), 24, 21, 0);
insert into tb_resultado (id_prova, id_piloto, nr_tempo_prova, nr_coloc_final, nr_posicao_grid, nr_melhor_volta) values (312, 122, to_date('00:00:00','hh24:mi:ss'), 25, 16, 0);
insert into tb_resultado (id_prova, id_piloto, nr_tempo_prova, nr_coloc_final, nr_posicao_grid, nr_melhor_volta) values (312, 119, to_date('00:00:00','hh24:mi:ss'), 26, 3, 0);
insert into tb_resultado (id_prova, id_piloto, nr_tempo_prova, nr_coloc_final, nr_posicao_grid, nr_melhor_volta) values (312, 100, to_date('00:00:00','hh24:mi:ss'), 27, 0, 0);
insert into tb_resultado (id_prova, id_piloto, nr_tempo_prova, nr_coloc_final, nr_posicao_grid, nr_melhor_volta) values (312, 140, to_date('00:00:00','hh24:mi:ss'), 28, 0, 0);
insert into tb_resultado (id_prova, id_piloto, nr_tempo_prova, nr_coloc_final, nr_posicao_grid, nr_melhor_volta) values (312, 120, to_date('00:00:00','hh24:mi:ss'), 29, 0, 0);
insert into tb_resultado (id_prova, id_piloto, nr_tempo_prova, nr_coloc_final, nr_posicao_grid, nr_melhor_volta) values (312, 99, to_date('00:00:00','hh24:mi:ss'), 30, 0, 0);
insert into tb_resultado (id_prova, id_piloto, nr_tempo_prova, nr_coloc_final, nr_posicao_grid, nr_melhor_volta) values (312, 129, to_date('00:00:00','hh24:mi:ss'), 31, 0, 0);
insert into tb_resultado (id_prova, id_piloto, nr_tempo_prova, nr_coloc_final, nr_posicao_grid, nr_melhor_volta) values (312, 78, to_date('00:00:00','hh24:mi:ss'), 32, 0, 0);
insert into tb_resultado (id_prova, id_piloto, nr_tempo_prova, nr_coloc_final, nr_posicao_grid, nr_melhor_volta) values (312, 128, to_date('00:00:00','hh24:mi:ss'), 33, 0, 0);
insert into tb_resultado (id_prova, id_piloto, nr_tempo_prova, nr_coloc_final, nr_posicao_grid, nr_melhor_volta) values (312, 142, to_date('00:00:00','hh24:mi:ss'), 34, 0, 0);
insert into tb_resultado (id_prova, id_piloto, nr_tempo_prova, nr_coloc_final, nr_posicao_grid, nr_melhor_volta) values (313, 95, to_date('00:00:00','hh24:mi:ss'), 1, 1, 0);
insert into tb_resultado (id_prova, id_piloto, nr_tempo_prova, nr_coloc_final, nr_posicao_grid, nr_melhor_volta) values (313, 119, to_date('00:00:00','hh24:mi:ss'), 2, 4, 0);
insert into tb_resultado (id_prova, id_piloto, nr_tempo_prova, nr_coloc_final, nr_posicao_grid, nr_melhor_volta) values (313, 55, to_date('00:00:00','hh24:mi:ss'), 3, 6, 0);
insert into tb_resultado (id_prova, id_piloto, nr_tempo_prova, nr_coloc_final, nr_posicao_grid, nr_melhor_volta) values (313, 77, to_date('00:00:00','hh24:mi:ss'), 4, 3, 0);
insert into tb_resultado (id_prova, id_piloto, nr_tempo_prova, nr_coloc_final, nr_posicao_grid, nr_melhor_volta) values (313, 110, to_date('00:00:00','hh24:mi:ss'), 5, 7, 0);
insert into tb_resultado (id_prova, id_piloto, nr_tempo_prova, nr_coloc_final, nr_posicao_grid, nr_melhor_volta) values (313, 92, to_date('00:00:00','hh24:mi:ss'), 6, 11, 0);
insert into tb_resultado (id_prova, id_piloto, nr_tempo_prova, nr_coloc_final, nr_posicao_grid, nr_melhor_volta) values (313, 102, to_date('00:00:00','hh24:mi:ss'), 7, 2, 0);
insert into tb_resultado (id_prova, id_piloto, nr_tempo_prova, nr_coloc_final, nr_posicao_grid, nr_melhor_volta) values (313, 90, to_date('00:00:00','hh24:mi:ss'), 8, 9, 0);
insert into tb_resultado (id_prova, id_piloto, nr_tempo_prova, nr_coloc_final, nr_posicao_grid, nr_melhor_volta) values (313, 123, to_date('00:00:00','hh24:mi:ss'), 9, 17, 0);
insert into tb_resultado (id_prova, id_piloto, nr_tempo_prova, nr_coloc_final, nr_posicao_grid, nr_melhor_volta) values (313, 139, to_date('00:00:00','hh24:mi:ss'), 10, 18, 0);
insert into tb_resultado (id_prova, id_piloto, nr_tempo_prova, nr_coloc_final, nr_posicao_grid, nr_melhor_volta) values (313, 84, to_date('00:00:00','hh24:mi:ss'), 11, 15, 0);
insert into tb_resultado (id_prova, id_piloto, nr_tempo_prova, nr_coloc_final, nr_posicao_grid, nr_melhor_volta) values (313, 87, to_date('00:00:00','hh24:mi:ss'), 12, 21, 0);
insert into tb_resultado (id_prova, id_piloto, nr_tempo_prova, nr_coloc_final, nr_posicao_grid, nr_melhor_volta) values (313, 131, to_date('00:00:00','hh24:mi:ss'), 13, 14, 0);
insert into tb_resultado (id_prova, id_piloto, nr_tempo_prova, nr_coloc_final, nr_posicao_grid, nr_melhor_volta) values (313, 117, to_date('00:00:00','hh24:mi:ss'), 14, 5, 0);
insert into tb_resultado (id_prova, id_piloto, nr_tempo_prova, nr_coloc_final, nr_posicao_grid, nr_melhor_volta) values (313, 122, to_date('00:00:00','hh24:mi:ss'), 15, 12, 0);
insert into tb_resultado (id_prova, id_piloto, nr_tempo_prova, nr_coloc_final, nr_posicao_grid, nr_melhor_volta) values (313, 109, to_date('00:00:00','hh24:mi:ss'), 16, 20, 0);
insert into tb_resultado (id_prova, id_piloto, nr_tempo_prova, nr_coloc_final, nr_posicao_grid, nr_melhor_volta) values (313, 137, to_date('00:00:00','hh24:mi:ss'), 17, 8, 0);
insert into tb_resultado (id_prova, id_piloto, nr_tempo_prova, nr_coloc_final, nr_posicao_grid, nr_melhor_volta) values (313, 138, to_date('00:00:00','hh24:mi:ss'), 18, 13, 0);
insert into tb_resultado (id_prova, id_piloto, nr_tempo_prova, nr_coloc_final, nr_posicao_grid, nr_melhor_volta) values (313, 100, to_date('00:00:00','hh24:mi:ss'), 19, 26, 0);
insert into tb_resultado (id_prova, id_piloto, nr_tempo_prova, nr_coloc_final, nr_posicao_grid, nr_melhor_volta) values (313, 127, to_date('00:00:00','hh24:mi:ss'), 20, 16, 0);
insert into tb_resultado (id_prova, id_piloto, nr_tempo_prova, nr_coloc_final, nr_posicao_grid, nr_melhor_volta) values (313, 57, to_date('00:00:00','hh24:mi:ss'), 21, 23, 0);
insert into tb_resultado (id_prova, id_piloto, nr_tempo_prova, nr_coloc_final, nr_posicao_grid, nr_melhor_volta) values (313, 88, to_date('00:00:00','hh24:mi:ss'), 22, 22, 0);
insert into tb_resultado (id_prova, id_piloto, nr_tempo_prova, nr_coloc_final, nr_posicao_grid, nr_melhor_volta) values (313, 81, to_date('00:00:00','hh24:mi:ss'), 23, 19, 0);
insert into tb_resultado (id_prova, id_piloto, nr_tempo_prova, nr_coloc_final, nr_posicao_grid, nr_melhor_volta) values (313, 94, to_date('00:00:00','hh24:mi:ss'), 24, 10, 0);
insert into tb_resultado (id_prova, id_piloto, nr_tempo_prova, nr_coloc_final, nr_posicao_grid, nr_melhor_volta) values (313, 103, to_date('00:00:00','hh24:mi:ss'), 25, 25, 0);
insert into tb_resultado (id_prova, id_piloto, nr_tempo_prova, nr_coloc_final, nr_posicao_grid, nr_melhor_volta) values (313, 78, to_date('00:00:00','hh24:mi:ss'), 26, 24, 0);
insert into tb_resultado (id_prova, id_piloto, nr_tempo_prova, nr_coloc_final, nr_posicao_grid, nr_melhor_volta) values (313, 105, to_date('00:00:00','hh24:mi:ss'), 27, 0, 0);
insert into tb_resultado (id_prova, id_piloto, nr_tempo_prova, nr_coloc_final, nr_posicao_grid, nr_melhor_volta) values (313, 143, to_date('00:00:00','hh24:mi:ss'), 28, 0, 0);
insert into tb_resultado (id_prova, id_piloto, nr_tempo_prova, nr_coloc_final, nr_posicao_grid, nr_melhor_volta) values (313, 99, to_date('00:00:00','hh24:mi:ss'), 29, 0, 0);
insert into tb_resultado (id_prova, id_piloto, nr_tempo_prova, nr_coloc_final, nr_posicao_grid, nr_melhor_volta) values (313, 128, to_date('00:00:00','hh24:mi:ss'), 30, 0, 0);
insert into tb_resultado (id_prova, id_piloto, nr_tempo_prova, nr_coloc_final, nr_posicao_grid, nr_melhor_volta) values (313, 129, to_date('00:00:00','hh24:mi:ss'), 31, 0, 0);
insert into tb_resultado (id_prova, id_piloto, nr_tempo_prova, nr_coloc_final, nr_posicao_grid, nr_melhor_volta) values (313, 133, to_date('00:00:00','hh24:mi:ss'), 32, 0, 0);
insert into tb_resultado (id_prova, id_piloto, nr_tempo_prova, nr_coloc_final, nr_posicao_grid, nr_melhor_volta) values (313, 120, to_date('00:00:00','hh24:mi:ss'), 33, 0, 0);
insert into tb_resultado (id_prova, id_piloto, nr_tempo_prova, nr_coloc_final, nr_posicao_grid, nr_melhor_volta) values (313, 142, to_date('00:00:00','hh24:mi:ss'), 34, 0, 0);
insert into tb_resultado (id_prova, id_piloto, nr_tempo_prova, nr_coloc_final, nr_posicao_grid, nr_melhor_volta) values (314, 102, to_date('00:00:00','hh24:mi:ss'), 1, 1, 0);
insert into tb_resultado (id_prova, id_piloto, nr_tempo_prova, nr_coloc_final, nr_posicao_grid, nr_melhor_volta) values (314, 95, to_date('00:00:00','hh24:mi:ss'), 2, 3, 0);
insert into tb_resultado (id_prova, id_piloto, nr_tempo_prova, nr_coloc_final, nr_posicao_grid, nr_melhor_volta) values (314, 119, to_date('00:00:00','hh24:mi:ss'), 3, 2, 0);
insert into tb_resultado (id_prova, id_piloto, nr_tempo_prova, nr_coloc_final, nr_posicao_grid, nr_melhor_volta) values (314, 77, to_date('00:00:00','hh24:mi:ss'), 4, 5, 0);
insert into tb_resultado (id_prova, id_piloto, nr_tempo_prova, nr_coloc_final, nr_posicao_grid, nr_melhor_volta) values (314, 55, to_date('00:00:00','hh24:mi:ss'), 5, 6, 0);
insert into tb_resultado (id_prova, id_piloto, nr_tempo_prova, nr_coloc_final, nr_posicao_grid, nr_melhor_volta) values (314, 122, to_date('00:00:00','hh24:mi:ss'), 6, 9, 0);
insert into tb_resultado (id_prova, id_piloto, nr_tempo_prova, nr_coloc_final, nr_posicao_grid, nr_melhor_volta) values (314, 110, to_date('00:00:00','hh24:mi:ss'), 7, 17, 0);
insert into tb_resultado (id_prova, id_piloto, nr_tempo_prova, nr_coloc_final, nr_posicao_grid, nr_melhor_volta) values (314, 90, to_date('00:00:00','hh24:mi:ss'), 8, 15, 0);
insert into tb_resultado (id_prova, id_piloto, nr_tempo_prova, nr_coloc_final, nr_posicao_grid, nr_melhor_volta) values (314, 92, to_date('00:00:00','hh24:mi:ss'), 9, 16, 0);
insert into tb_resultado (id_prova, id_piloto, nr_tempo_prova, nr_coloc_final, nr_posicao_grid, nr_melhor_volta) values (314, 100, to_date('00:00:00','hh24:mi:ss'), 10, 25, 0);
insert into tb_resultado (id_prova, id_piloto, nr_tempo_prova, nr_coloc_final, nr_posicao_grid, nr_melhor_volta) values (314, 127, to_date('00:00:00','hh24:mi:ss'), 11, 13, 0);
insert into tb_resultado (id_prova, id_piloto, nr_tempo_prova, nr_coloc_final, nr_posicao_grid, nr_melhor_volta) values (314, 131, to_date('00:00:00','hh24:mi:ss'), 12, 8, 0);
insert into tb_resultado (id_prova, id_piloto, nr_tempo_prova, nr_coloc_final, nr_posicao_grid, nr_melhor_volta) values (314, 81, to_date('00:00:00','hh24:mi:ss'), 13, 23, 0);
insert into tb_resultado (id_prova, id_piloto, nr_tempo_prova, nr_coloc_final, nr_posicao_grid, nr_melhor_volta) values (314, 57, to_date('00:00:00','hh24:mi:ss'), 14, 26, 0);
insert into tb_resultado (id_prova, id_piloto, nr_tempo_prova, nr_coloc_final, nr_posicao_grid, nr_melhor_volta) values (314, 138, to_date('00:00:00','hh24:mi:ss'), 15, 14, 0);
insert into tb_resultado (id_prova, id_piloto, nr_tempo_prova, nr_coloc_final, nr_posicao_grid, nr_melhor_volta) values (314, 78, to_date('00:00:00','hh24:mi:ss'), 16, 24, 0);
insert into tb_resultado (id_prova, id_piloto, nr_tempo_prova, nr_coloc_final, nr_posicao_grid, nr_melhor_volta) values (314, 123, to_date('00:00:00','hh24:mi:ss'), 17, 19, 0);
insert into tb_resultado (id_prova, id_piloto, nr_tempo_prova, nr_coloc_final, nr_posicao_grid, nr_melhor_volta) values (314, 94, to_date('00:00:00','hh24:mi:ss'), 18, 18, 0);
insert into tb_resultado (id_prova, id_piloto, nr_tempo_prova, nr_coloc_final, nr_posicao_grid, nr_melhor_volta) values (314, 87, to_date('00:00:00','hh24:mi:ss'), 19, 20, 0);
insert into tb_resultado (id_prova, id_piloto, nr_tempo_prova, nr_coloc_final, nr_posicao_grid, nr_melhor_volta) values (314, 84, to_date('00:00:00','hh24:mi:ss'), 20, 10, 0);
insert into tb_resultado (id_prova, id_piloto, nr_tempo_prova, nr_coloc_final, nr_posicao_grid, nr_melhor_volta) values (314, 109, to_date('00:00:00','hh24:mi:ss'), 21, 12, 0);
insert into tb_resultado (id_prova, id_piloto, nr_tempo_prova, nr_coloc_final, nr_posicao_grid, nr_melhor_volta) values (314, 137, to_date('00:00:00','hh24:mi:ss'), 22, 11, 0);
insert into tb_resultado (id_prova, id_piloto, nr_tempo_prova, nr_coloc_final, nr_posicao_grid, nr_melhor_volta) values (314, 103, to_date('00:00:00','hh24:mi:ss'), 23, 21, 0);
insert into tb_resultado (id_prova, id_piloto, nr_tempo_prova, nr_coloc_final, nr_posicao_grid, nr_melhor_volta) values (314, 88, to_date('00:00:00','hh24:mi:ss'), 24, 22, 0);
insert into tb_resultado (id_prova, id_piloto, nr_tempo_prova, nr_coloc_final, nr_posicao_grid, nr_melhor_volta) values (314, 139, to_date('00:00:00','hh24:mi:ss'), 25, 7, 0);
insert into tb_resultado (id_prova, id_piloto, nr_tempo_prova, nr_coloc_final, nr_posicao_grid, nr_melhor_volta) values (314, 117, to_date('00:00:00','hh24:mi:ss'), 26, 4, 0);
insert into tb_resultado (id_prova, id_piloto, nr_tempo_prova, nr_coloc_final, nr_posicao_grid, nr_melhor_volta) values (314, 129, to_date('00:00:00','hh24:mi:ss'), 27, 0, 0);
insert into tb_resultado (id_prova, id_piloto, nr_tempo_prova, nr_coloc_final, nr_posicao_grid, nr_melhor_volta) values (314, 105, to_date('00:00:00','hh24:mi:ss'), 28, 0, 0);
insert into tb_resultado (id_prova, id_piloto, nr_tempo_prova, nr_coloc_final, nr_posicao_grid, nr_melhor_volta) values (314, 128, to_date('00:00:00','hh24:mi:ss'), 29, 0, 0);
insert into tb_resultado (id_prova, id_piloto, nr_tempo_prova, nr_coloc_final, nr_posicao_grid, nr_melhor_volta) values (314, 143, to_date('00:00:00','hh24:mi:ss'), 30, 0, 0);
insert into tb_resultado (id_prova, id_piloto, nr_tempo_prova, nr_coloc_final, nr_posicao_grid, nr_melhor_volta) values (314, 99, to_date('00:00:00','hh24:mi:ss'), 31, 0, 0);
insert into tb_resultado (id_prova, id_piloto, nr_tempo_prova, nr_coloc_final, nr_posicao_grid, nr_melhor_volta) values (314, 133, to_date('00:00:00','hh24:mi:ss'), 32, 0, 0);
insert into tb_resultado (id_prova, id_piloto, nr_tempo_prova, nr_coloc_final, nr_posicao_grid, nr_melhor_volta) values (314, 120, to_date('00:00:00','hh24:mi:ss'), 33, 0, 0);
insert into tb_resultado (id_prova, id_piloto, nr_tempo_prova, nr_coloc_final, nr_posicao_grid, nr_melhor_volta) values (314, 142, to_date('00:00:00','hh24:mi:ss'), 34, 0, 0);
insert into tb_resultado (id_prova, id_piloto, nr_tempo_prova, nr_coloc_final, nr_posicao_grid, nr_melhor_volta) values (315, 102, to_date('00:00:00','hh24:mi:ss'), 1, 1, 0);
insert into tb_resultado (id_prova, id_piloto, nr_tempo_prova, nr_coloc_final, nr_posicao_grid, nr_melhor_volta) values (315, 77, to_date('00:00:00','hh24:mi:ss'), 2, 4, 0);
insert into tb_resultado (id_prova, id_piloto, nr_tempo_prova, nr_coloc_final, nr_posicao_grid, nr_melhor_volta) values (315, 137, to_date('00:00:00','hh24:mi:ss'), 3, 6, 0);
insert into tb_resultado (id_prova, id_piloto, nr_tempo_prova, nr_coloc_final, nr_posicao_grid, nr_melhor_volta) values (315, 90, to_date('00:00:00','hh24:mi:ss'), 4, 8, 0);
insert into tb_resultado (id_prova, id_piloto, nr_tempo_prova, nr_coloc_final, nr_posicao_grid, nr_melhor_volta) values (315, 119, to_date('00:00:00','hh24:mi:ss'), 5, 17, 0);
insert into tb_resultado (id_prova, id_piloto, nr_tempo_prova, nr_coloc_final, nr_posicao_grid, nr_melhor_volta) values (315, 87, to_date('00:00:00','hh24:mi:ss'), 6, 13, 0);
insert into tb_resultado (id_prova, id_piloto, nr_tempo_prova, nr_coloc_final, nr_posicao_grid, nr_melhor_volta) values (315, 65, to_date('00:00:00','hh24:mi:ss'), 7, 21, 0);
insert into tb_resultado (id_prova, id_piloto, nr_tempo_prova, nr_coloc_final, nr_posicao_grid, nr_melhor_volta) values (315, 139, to_date('00:00:00','hh24:mi:ss'), 8, 25, 0);
insert into tb_resultado (id_prova, id_piloto, nr_tempo_prova, nr_coloc_final, nr_posicao_grid, nr_melhor_volta) values (315, 84, to_date('00:00:00','hh24:mi:ss'), 9, 16, 0);
insert into tb_resultado (id_prova, id_piloto, nr_tempo_prova, nr_coloc_final, nr_posicao_grid, nr_melhor_volta) values (315, 129, to_date('00:00:00','hh24:mi:ss'), 10, 23, 0);
insert into tb_resultado (id_prova, id_piloto, nr_tempo_prova, nr_coloc_final, nr_posicao_grid, nr_melhor_volta) values (315, 123, to_date('00:00:00','hh24:mi:ss'), 11, 18, 0);
insert into tb_resultado (id_prova, id_piloto, nr_tempo_prova, nr_coloc_final, nr_posicao_grid, nr_melhor_volta) values (315, 94, to_date('00:00:00','hh24:mi:ss'), 12, 9, 0);
insert into tb_resultado (id_prova, id_piloto, nr_tempo_prova, nr_coloc_final, nr_posicao_grid, nr_melhor_volta) values (315, 110, to_date('00:00:00','hh24:mi:ss'), 13, 11, 0);
insert into tb_resultado (id_prova, id_piloto, nr_tempo_prova, nr_coloc_final, nr_posicao_grid, nr_melhor_volta) values (315, 131, to_date('00:00:00','hh24:mi:ss'), 14, 10, 0);
insert into tb_resultado (id_prova, id_piloto, nr_tempo_prova, nr_coloc_final, nr_posicao_grid, nr_melhor_volta) values (315, 109, to_date('00:00:00','hh24:mi:ss'), 15, 14, 0);
insert into tb_resultado (id_prova, id_piloto, nr_tempo_prova, nr_coloc_final, nr_posicao_grid, nr_melhor_volta) values (315, 55, to_date('00:00:00','hh24:mi:ss'), 16, 5, 0);
insert into tb_resultado (id_prova, id_piloto, nr_tempo_prova, nr_coloc_final, nr_posicao_grid, nr_melhor_volta) values (315, 81, to_date('00:00:00','hh24:mi:ss'), 17, 19, 0);
insert into tb_resultado (id_prova, id_piloto, nr_tempo_prova, nr_coloc_final, nr_posicao_grid, nr_melhor_volta) values (315, 57, to_date('00:00:00','hh24:mi:ss'), 18, 24, 0);
insert into tb_resultado (id_prova, id_piloto, nr_tempo_prova, nr_coloc_final, nr_posicao_grid, nr_melhor_volta) values (315, 100, to_date('00:00:00','hh24:mi:ss'), 19, 26, 0);
insert into tb_resultado (id_prova, id_piloto, nr_tempo_prova, nr_coloc_final, nr_posicao_grid, nr_melhor_volta) values (315, 95, to_date('00:00:00','hh24:mi:ss'), 20, 3, 0);
insert into tb_resultado (id_prova, id_piloto, nr_tempo_prova, nr_coloc_final, nr_posicao_grid, nr_melhor_volta) values (315, 103, to_date('00:00:00','hh24:mi:ss'), 21, 20, 0);
insert into tb_resultado (id_prova, id_piloto, nr_tempo_prova, nr_coloc_final, nr_posicao_grid, nr_melhor_volta) values (315, 122, to_date('00:00:00','hh24:mi:ss'), 22, 12, 0);
insert into tb_resultado (id_prova, id_piloto, nr_tempo_prova, nr_coloc_final, nr_posicao_grid, nr_melhor_volta) values (315, 138, to_date('00:00:00','hh24:mi:ss'), 23, 22, 0);
insert into tb_resultado (id_prova, id_piloto, nr_tempo_prova, nr_coloc_final, nr_posicao_grid, nr_melhor_volta) values (315, 117, to_date('00:00:00','hh24:mi:ss'), 24, 2, 0);
insert into tb_resultado (id_prova, id_piloto, nr_tempo_prova, nr_coloc_final, nr_posicao_grid, nr_melhor_volta) values (315, 127, to_date('00:00:00','hh24:mi:ss'), 25, 15, 0);
insert into tb_resultado (id_prova, id_piloto, nr_tempo_prova, nr_coloc_final, nr_posicao_grid, nr_melhor_volta) values (315, 30, to_date('00:00:00','hh24:mi:ss'), 26, 7, 0);
insert into tb_resultado (id_prova, id_piloto, nr_tempo_prova, nr_coloc_final, nr_posicao_grid, nr_melhor_volta) values (315, 88, to_date('00:00:00','hh24:mi:ss'), 27, 0, 0);
insert into tb_resultado (id_prova, id_piloto, nr_tempo_prova, nr_coloc_final, nr_posicao_grid, nr_melhor_volta) values (315, 78, to_date('00:00:00','hh24:mi:ss'), 28, 0, 0);
insert into tb_resultado (id_prova, id_piloto, nr_tempo_prova, nr_coloc_final, nr_posicao_grid, nr_melhor_volta) values (315, 133, to_date('00:00:00','hh24:mi:ss'), 29, 0, 0);
insert into tb_resultado (id_prova, id_piloto, nr_tempo_prova, nr_coloc_final, nr_posicao_grid, nr_melhor_volta) values (315, 128, to_date('00:00:00','hh24:mi:ss'), 30, 0, 0);
insert into tb_resultado (id_prova, id_piloto, nr_tempo_prova, nr_coloc_final, nr_posicao_grid, nr_melhor_volta) values (315, 105, to_date('00:00:00','hh24:mi:ss'), 31, 0, 0);
insert into tb_resultado (id_prova, id_piloto, nr_tempo_prova, nr_coloc_final, nr_posicao_grid, nr_melhor_volta) values (315, 99, to_date('00:00:00','hh24:mi:ss'), 32, 0, 0);
insert into tb_resultado (id_prova, id_piloto, nr_tempo_prova, nr_coloc_final, nr_posicao_grid, nr_melhor_volta) values (315, 142, to_date('00:00:00','hh24:mi:ss'), 33, 0, 0);
insert into tb_resultado (id_prova, id_piloto, nr_tempo_prova, nr_coloc_final, nr_posicao_grid, nr_melhor_volta) values (315, 120, to_date('00:00:00','hh24:mi:ss'), 34, 0, 0);
insert into tb_resultado (id_prova, id_piloto, nr_tempo_prova, nr_coloc_final, nr_posicao_grid, nr_melhor_volta) values (316, 95, to_date('00:00:00','hh24:mi:ss'), 1, 2, 0);
insert into tb_resultado (id_prova, id_piloto, nr_tempo_prova, nr_coloc_final, nr_posicao_grid, nr_melhor_volta) values (316, 102, to_date('00:00:00','hh24:mi:ss'), 2, 1, 0);
insert into tb_resultado (id_prova, id_piloto, nr_tempo_prova, nr_coloc_final, nr_posicao_grid, nr_melhor_volta) values (316, 117, to_date('00:00:00','hh24:mi:ss'), 3, 5, 0);
insert into tb_resultado (id_prova, id_piloto, nr_tempo_prova, nr_coloc_final, nr_posicao_grid, nr_melhor_volta) values (316, 77, to_date('00:00:00','hh24:mi:ss'), 4, 3, 0);
insert into tb_resultado (id_prova, id_piloto, nr_tempo_prova, nr_coloc_final, nr_posicao_grid, nr_melhor_volta) values (316, 30, to_date('00:00:00','hh24:mi:ss'), 5, 7, 0);
insert into tb_resultado (id_prova, id_piloto, nr_tempo_prova, nr_coloc_final, nr_posicao_grid, nr_melhor_volta) values (316, 137, to_date('00:00:00','hh24:mi:ss'), 6, 8, 0);
insert into tb_resultado (id_prova, id_piloto, nr_tempo_prova, nr_coloc_final, nr_posicao_grid, nr_melhor_volta) values (316, 110, to_date('00:00:00','hh24:mi:ss'), 7, 14, 0);
insert into tb_resultado (id_prova, id_piloto, nr_tempo_prova, nr_coloc_final, nr_posicao_grid, nr_melhor_volta) values (316, 122, to_date('00:00:00','hh24:mi:ss'), 8, 12, 0);
insert into tb_resultado (id_prova, id_piloto, nr_tempo_prova, nr_coloc_final, nr_posicao_grid, nr_melhor_volta) values (316, 81, to_date('00:00:00','hh24:mi:ss'), 9, 17, 0);
insert into tb_resultado (id_prova, id_piloto, nr_tempo_prova, nr_coloc_final, nr_posicao_grid, nr_melhor_volta) values (316, 139, to_date('00:00:00','hh24:mi:ss'), 10, 16, 0);
insert into tb_resultado (id_prova, id_piloto, nr_tempo_prova, nr_coloc_final, nr_posicao_grid, nr_melhor_volta) values (316, 100, to_date('00:00:00','hh24:mi:ss'), 11, 22, 0);
insert into tb_resultado (id_prova, id_piloto, nr_tempo_prova, nr_coloc_final, nr_posicao_grid, nr_melhor_volta) values (316, 87, to_date('00:00:00','hh24:mi:ss'), 12, 11, 0);
insert into tb_resultado (id_prova, id_piloto, nr_tempo_prova, nr_coloc_final, nr_posicao_grid, nr_melhor_volta) values (316, 84, to_date('00:00:00','hh24:mi:ss'), 13, 19, 0);
insert into tb_resultado (id_prova, id_piloto, nr_tempo_prova, nr_coloc_final, nr_posicao_grid, nr_melhor_volta) values (316, 57, to_date('00:00:00','hh24:mi:ss'), 14, 25, 0);
insert into tb_resultado (id_prova, id_piloto, nr_tempo_prova, nr_coloc_final, nr_posicao_grid, nr_melhor_volta) values (316, 127, to_date('00:00:00','hh24:mi:ss'), 15, 18, 0);
insert into tb_resultado (id_prova, id_piloto, nr_tempo_prova, nr_coloc_final, nr_posicao_grid, nr_melhor_volta) values (316, 78, to_date('00:00:00','hh24:mi:ss'), 16, 23, 0);
insert into tb_resultado (id_prova, id_piloto, nr_tempo_prova, nr_coloc_final, nr_posicao_grid, nr_melhor_volta) values (316, 129, to_date('00:00:00','hh24:mi:ss'), 17, 26, 0);
insert into tb_resultado (id_prova, id_piloto, nr_tempo_prova, nr_coloc_final, nr_posicao_grid, nr_melhor_volta) values (316, 109, to_date('00:00:00','hh24:mi:ss'), 18, 20, 0);
insert into tb_resultado (id_prova, id_piloto, nr_tempo_prova, nr_coloc_final, nr_posicao_grid, nr_melhor_volta) values (316, 131, to_date('00:00:00','hh24:mi:ss'), 19, 13, 0);
insert into tb_resultado (id_prova, id_piloto, nr_tempo_prova, nr_coloc_final, nr_posicao_grid, nr_melhor_volta) values (316, 55, to_date('00:00:00','hh24:mi:ss'), 20, 6, 0);
insert into tb_resultado (id_prova, id_piloto, nr_tempo_prova, nr_coloc_final, nr_posicao_grid, nr_melhor_volta) values (316, 119, to_date('00:00:00','hh24:mi:ss'), 21, 4, 0);
insert into tb_resultado (id_prova, id_piloto, nr_tempo_prova, nr_coloc_final, nr_posicao_grid, nr_melhor_volta) values (316, 138, to_date('00:00:00','hh24:mi:ss'), 22, 15, 0);
insert into tb_resultado (id_prova, id_piloto, nr_tempo_prova, nr_coloc_final, nr_posicao_grid, nr_melhor_volta) values (316, 103, to_date('00:00:00','hh24:mi:ss'), 23, 24, 0);
insert into tb_resultado (id_prova, id_piloto, nr_tempo_prova, nr_coloc_final, nr_posicao_grid, nr_melhor_volta) values (316, 94, to_date('00:00:00','hh24:mi:ss'), 24, 10, 0);
insert into tb_resultado (id_prova, id_piloto, nr_tempo_prova, nr_coloc_final, nr_posicao_grid, nr_melhor_volta) values (316, 90, to_date('00:00:00','hh24:mi:ss'), 25, 9, 0);
insert into tb_resultado (id_prova, id_piloto, nr_tempo_prova, nr_coloc_final, nr_posicao_grid, nr_melhor_volta) values (316, 123, to_date('00:00:00','hh24:mi:ss'), 26, 21, 0);
insert into tb_resultado (id_prova, id_piloto, nr_tempo_prova, nr_coloc_final, nr_posicao_grid, nr_melhor_volta) values (316, 105, to_date('00:00:00','hh24:mi:ss'), 27, 0, 0);
insert into tb_resultado (id_prova, id_piloto, nr_tempo_prova, nr_coloc_final, nr_posicao_grid, nr_melhor_volta) values (316, 143, to_date('00:00:00','hh24:mi:ss'), 28, 0, 0);
insert into tb_resultado (id_prova, id_piloto, nr_tempo_prova, nr_coloc_final, nr_posicao_grid, nr_melhor_volta) values (316, 128, to_date('00:00:00','hh24:mi:ss'), 29, 0, 0);
insert into tb_resultado (id_prova, id_piloto, nr_tempo_prova, nr_coloc_final, nr_posicao_grid, nr_melhor_volta) values (316, 88, to_date('00:00:00','hh24:mi:ss'), 30, 0, 0);
insert into tb_resultado (id_prova, id_piloto, nr_tempo_prova, nr_coloc_final, nr_posicao_grid, nr_melhor_volta) values (316, 120, to_date('00:00:00','hh24:mi:ss'), 31, 0, 0);
insert into tb_resultado (id_prova, id_piloto, nr_tempo_prova, nr_coloc_final, nr_posicao_grid, nr_melhor_volta) values (316, 99, to_date('00:00:00','hh24:mi:ss'), 32, 0, 0);
insert into tb_resultado (id_prova, id_piloto, nr_tempo_prova, nr_coloc_final, nr_posicao_grid, nr_melhor_volta) values (316, 133, to_date('00:00:00','hh24:mi:ss'), 33, 0, 0);
insert into tb_resultado (id_prova, id_piloto, nr_tempo_prova, nr_coloc_final, nr_posicao_grid, nr_melhor_volta) values (316, 142, to_date('00:00:00','hh24:mi:ss'), 34, 0, 0);
insert into tb_resultado (id_prova, id_piloto, nr_tempo_prova, nr_coloc_final, nr_posicao_grid, nr_melhor_volta) values (317, 119, to_date('00:00:00','hh24:mi:ss'), 1, 1, 0);
insert into tb_resultado (id_prova, id_piloto, nr_tempo_prova, nr_coloc_final, nr_posicao_grid, nr_melhor_volta) values (317, 102, to_date('00:00:00','hh24:mi:ss'), 2, 3, 0);
insert into tb_resultado (id_prova, id_piloto, nr_tempo_prova, nr_coloc_final, nr_posicao_grid, nr_melhor_volta) values (317, 55, to_date('00:00:00','hh24:mi:ss'), 3, 6, 0);
insert into tb_resultado (id_prova, id_piloto, nr_tempo_prova, nr_coloc_final, nr_posicao_grid, nr_melhor_volta) values (317, 94, to_date('00:00:00','hh24:mi:ss'), 4, 8, 0);
insert into tb_resultado (id_prova, id_piloto, nr_tempo_prova, nr_coloc_final, nr_posicao_grid, nr_melhor_volta) values (317, 137, to_date('00:00:00','hh24:mi:ss'), 5, 11, 0);
insert into tb_resultado (id_prova, id_piloto, nr_tempo_prova, nr_coloc_final, nr_posicao_grid, nr_melhor_volta) values (317, 30, to_date('00:00:00','hh24:mi:ss'), 6, 10, 0);
insert into tb_resultado (id_prova, id_piloto, nr_tempo_prova, nr_coloc_final, nr_posicao_grid, nr_melhor_volta) values (317, 127, to_date('00:00:00','hh24:mi:ss'), 7, 7, 0);
insert into tb_resultado (id_prova, id_piloto, nr_tempo_prova, nr_coloc_final, nr_posicao_grid, nr_melhor_volta) values (317, 110, to_date('00:00:00','hh24:mi:ss'), 8, 14, 0);
insert into tb_resultado (id_prova, id_piloto, nr_tempo_prova, nr_coloc_final, nr_posicao_grid, nr_melhor_volta) values (317, 81, to_date('00:00:00','hh24:mi:ss'), 9, 13, 0);
insert into tb_resultado (id_prova, id_piloto, nr_tempo_prova, nr_coloc_final, nr_posicao_grid, nr_melhor_volta) values (317, 90, to_date('00:00:00','hh24:mi:ss'), 10, 21, 0);
insert into tb_resultado (id_prova, id_piloto, nr_tempo_prova, nr_coloc_final, nr_posicao_grid, nr_melhor_volta) values (317, 100, to_date('00:00:00','hh24:mi:ss'), 11, 23, 0);
insert into tb_resultado (id_prova, id_piloto, nr_tempo_prova, nr_coloc_final, nr_posicao_grid, nr_melhor_volta) values (317, 84, to_date('00:00:00','hh24:mi:ss'), 12, 19, 0);
insert into tb_resultado (id_prova, id_piloto, nr_tempo_prova, nr_coloc_final, nr_posicao_grid, nr_melhor_volta) values (317, 138, to_date('00:00:00','hh24:mi:ss'), 13, 17, 0);
insert into tb_resultado (id_prova, id_piloto, nr_tempo_prova, nr_coloc_final, nr_posicao_grid, nr_melhor_volta) values (317, 57, to_date('00:00:00','hh24:mi:ss'), 14, 24, 0);
insert into tb_resultado (id_prova, id_piloto, nr_tempo_prova, nr_coloc_final, nr_posicao_grid, nr_melhor_volta) values (317, 105, to_date('00:00:00','hh24:mi:ss'), 15, 22, 0);
insert into tb_resultado (id_prova, id_piloto, nr_tempo_prova, nr_coloc_final, nr_posicao_grid, nr_melhor_volta) values (317, 123, to_date('00:00:00','hh24:mi:ss'), 16, 20, 0);
insert into tb_resultado (id_prova, id_piloto, nr_tempo_prova, nr_coloc_final, nr_posicao_grid, nr_melhor_volta) values (317, 122, to_date('00:00:00','hh24:mi:ss'), 17, 9, 0);
insert into tb_resultado (id_prova, id_piloto, nr_tempo_prova, nr_coloc_final, nr_posicao_grid, nr_melhor_volta) values (317, 131, to_date('00:00:00','hh24:mi:ss'), 18, 12, 0);
insert into tb_resultado (id_prova, id_piloto, nr_tempo_prova, nr_coloc_final, nr_posicao_grid, nr_melhor_volta) values (317, 95, to_date('00:00:00','hh24:mi:ss'), 19, 4, 0);
insert into tb_resultado (id_prova, id_piloto, nr_tempo_prova, nr_coloc_final, nr_posicao_grid, nr_melhor_volta) values (317, 88, to_date('00:00:00','hh24:mi:ss'), 20, 25, 0);
insert into tb_resultado (id_prova, id_piloto, nr_tempo_prova, nr_coloc_final, nr_posicao_grid, nr_melhor_volta) values (317, 117, to_date('00:00:00','hh24:mi:ss'), 21, 5, 0);
insert into tb_resultado (id_prova, id_piloto, nr_tempo_prova, nr_coloc_final, nr_posicao_grid, nr_melhor_volta) values (317, 77, to_date('00:00:00','hh24:mi:ss'), 22, 2, 0);
insert into tb_resultado (id_prova, id_piloto, nr_tempo_prova, nr_coloc_final, nr_posicao_grid, nr_melhor_volta) values (317, 139, to_date('00:00:00','hh24:mi:ss'), 23, 16, 0);
insert into tb_resultado (id_prova, id_piloto, nr_tempo_prova, nr_coloc_final, nr_posicao_grid, nr_melhor_volta) values (317, 109, to_date('00:00:00','hh24:mi:ss'), 24, 18, 0);
insert into tb_resultado (id_prova, id_piloto, nr_tempo_prova, nr_coloc_final, nr_posicao_grid, nr_melhor_volta) values (317, 87, to_date('00:00:00','hh24:mi:ss'), 25, 15, 0);
insert into tb_resultado (id_prova, id_piloto, nr_tempo_prova, nr_coloc_final, nr_posicao_grid, nr_melhor_volta) values (317, 65, to_date('00:00:00','hh24:mi:ss'), 26, 26, 0);
insert into tb_resultado (id_prova, id_piloto, nr_tempo_prova, nr_coloc_final, nr_posicao_grid, nr_melhor_volta) values (317, 103, to_date('00:00:00','hh24:mi:ss'), 27, 0, 0);
insert into tb_resultado (id_prova, id_piloto, nr_tempo_prova, nr_coloc_final, nr_posicao_grid, nr_melhor_volta) values (317, 99, to_date('00:00:00','hh24:mi:ss'), 28, 0, 0);
insert into tb_resultado (id_prova, id_piloto, nr_tempo_prova, nr_coloc_final, nr_posicao_grid, nr_melhor_volta) values (317, 78, to_date('00:00:00','hh24:mi:ss'), 29, 0, 0);
insert into tb_resultado (id_prova, id_piloto, nr_tempo_prova, nr_coloc_final, nr_posicao_grid, nr_melhor_volta) values (317, 128, to_date('00:00:00','hh24:mi:ss'), 30, 0, 0);
insert into tb_resultado (id_prova, id_piloto, nr_tempo_prova, nr_coloc_final, nr_posicao_grid, nr_melhor_volta) values (317, 120, to_date('00:00:00','hh24:mi:ss'), 31, 0, 0);
insert into tb_resultado (id_prova, id_piloto, nr_tempo_prova, nr_coloc_final, nr_posicao_grid, nr_melhor_volta) values (317, 129, to_date('00:00:00','hh24:mi:ss'), 32, 0, 0);
insert into tb_resultado (id_prova, id_piloto, nr_tempo_prova, nr_coloc_final, nr_posicao_grid, nr_melhor_volta) values (317, 133, to_date('00:00:00','hh24:mi:ss'), 33, 0, 0);
insert into tb_resultado (id_prova, id_piloto, nr_tempo_prova, nr_coloc_final, nr_posicao_grid, nr_melhor_volta) values (317, 142, to_date('00:00:00','hh24:mi:ss'), 34, 0, 0);
insert into tb_resultado (id_prova, id_piloto, nr_tempo_prova, nr_coloc_final, nr_posicao_grid, nr_melhor_volta) values (318, 95, to_date('00:00:00','hh24:mi:ss'), 1, 2, 0);
insert into tb_resultado (id_prova, id_piloto, nr_tempo_prova, nr_coloc_final, nr_posicao_grid, nr_melhor_volta) values (318, 117, to_date('00:00:00','hh24:mi:ss'), 2, 6, 0);
insert into tb_resultado (id_prova, id_piloto, nr_tempo_prova, nr_coloc_final, nr_posicao_grid, nr_melhor_volta) values (318, 119, to_date('00:00:00','hh24:mi:ss'), 3, 4, 0);
insert into tb_resultado (id_prova, id_piloto, nr_tempo_prova, nr_coloc_final, nr_posicao_grid, nr_melhor_volta) values (318, 55, to_date('00:00:00','hh24:mi:ss'), 4, 7, 0);
insert into tb_resultado (id_prova, id_piloto, nr_tempo_prova, nr_coloc_final, nr_posicao_grid, nr_melhor_volta) values (318, 102, to_date('00:00:00','hh24:mi:ss'), 5, 3, 0);
insert into tb_resultado (id_prova, id_piloto, nr_tempo_prova, nr_coloc_final, nr_posicao_grid, nr_melhor_volta) values (318, 30, to_date('00:00:00','hh24:mi:ss'), 6, 5, 0);
insert into tb_resultado (id_prova, id_piloto, nr_tempo_prova, nr_coloc_final, nr_posicao_grid, nr_melhor_volta) values (318, 127, to_date('00:00:00','hh24:mi:ss'), 7, 13, 0);
insert into tb_resultado (id_prova, id_piloto, nr_tempo_prova, nr_coloc_final, nr_posicao_grid, nr_melhor_volta) values (318, 109, to_date('00:00:00','hh24:mi:ss'), 8, 15, 0);
insert into tb_resultado (id_prova, id_piloto, nr_tempo_prova, nr_coloc_final, nr_posicao_grid, nr_melhor_volta) values (318, 70, to_date('00:00:00','hh24:mi:ss'), 9, 20, 0);
insert into tb_resultado (id_prova, id_piloto, nr_tempo_prova, nr_coloc_final, nr_posicao_grid, nr_melhor_volta) values (318, 84, to_date('00:00:00','hh24:mi:ss'), 10, 11, 0);
insert into tb_resultado (id_prova, id_piloto, nr_tempo_prova, nr_coloc_final, nr_posicao_grid, nr_melhor_volta) values (318, 137, to_date('00:00:00','hh24:mi:ss'), 11, 10, 0);
insert into tb_resultado (id_prova, id_piloto, nr_tempo_prova, nr_coloc_final, nr_posicao_grid, nr_melhor_volta) values (318, 99, to_date('00:00:00','hh24:mi:ss'), 12, 22, 0);
insert into tb_resultado (id_prova, id_piloto, nr_tempo_prova, nr_coloc_final, nr_posicao_grid, nr_melhor_volta) values (318, 94, to_date('00:00:00','hh24:mi:ss'), 13, 19, 0);
insert into tb_resultado (id_prova, id_piloto, nr_tempo_prova, nr_coloc_final, nr_posicao_grid, nr_melhor_volta) values (318, 81, to_date('00:00:00','hh24:mi:ss'), 14, 16, 0);
insert into tb_resultado (id_prova, id_piloto, nr_tempo_prova, nr_coloc_final, nr_posicao_grid, nr_melhor_volta) values (318, 139, to_date('00:00:00','hh24:mi:ss'), 15, 9, 0);
insert into tb_resultado (id_prova, id_piloto, nr_tempo_prova, nr_coloc_final, nr_posicao_grid, nr_melhor_volta) values (318, 131, to_date('00:00:00','hh24:mi:ss'), 16, 14, 0);
insert into tb_resultado (id_prova, id_piloto, nr_tempo_prova, nr_coloc_final, nr_posicao_grid, nr_melhor_volta) values (318, 138, to_date('00:00:00','hh24:mi:ss'), 17, 18, 0);
insert into tb_resultado (id_prova, id_piloto, nr_tempo_prova, nr_coloc_final, nr_posicao_grid, nr_melhor_volta) values (318, 87, to_date('00:00:00','hh24:mi:ss'), 18, 12, 0);
insert into tb_resultado (id_prova, id_piloto, nr_tempo_prova, nr_coloc_final, nr_posicao_grid, nr_melhor_volta) values (318, 100, to_date('00:00:00','hh24:mi:ss'), 19, 25, 0);
insert into tb_resultado (id_prova, id_piloto, nr_tempo_prova, nr_coloc_final, nr_posicao_grid, nr_melhor_volta) values (318, 77, to_date('00:00:00','hh24:mi:ss'), 20, 1, 0);
insert into tb_resultado (id_prova, id_piloto, nr_tempo_prova, nr_coloc_final, nr_posicao_grid, nr_melhor_volta) values (318, 105, to_date('00:00:00','hh24:mi:ss'), 21, 24, 0);
insert into tb_resultado (id_prova, id_piloto, nr_tempo_prova, nr_coloc_final, nr_posicao_grid, nr_melhor_volta) values (318, 110, to_date('00:00:00','hh24:mi:ss'), 22, 17, 0);
insert into tb_resultado (id_prova, id_piloto, nr_tempo_prova, nr_coloc_final, nr_posicao_grid, nr_melhor_volta) values (318, 57, to_date('00:00:00','hh24:mi:ss'), 23, 21, 0);
insert into tb_resultado (id_prova, id_piloto, nr_tempo_prova, nr_coloc_final, nr_posicao_grid, nr_melhor_volta) values (318, 122, to_date('00:00:00','hh24:mi:ss'), 24, 8, 0);
insert into tb_resultado (id_prova, id_piloto, nr_tempo_prova, nr_coloc_final, nr_posicao_grid, nr_melhor_volta) values (318, 103, to_date('00:00:00','hh24:mi:ss'), 25, 23, 0);
insert into tb_resultado (id_prova, id_piloto, nr_tempo_prova, nr_coloc_final, nr_posicao_grid, nr_melhor_volta) values (318, 123, to_date('00:00:00','hh24:mi:ss'), 26, 26, 0);
insert into tb_resultado (id_prova, id_piloto, nr_tempo_prova, nr_coloc_final, nr_posicao_grid, nr_melhor_volta) values (318, 88, to_date('00:00:00','hh24:mi:ss'), 27, 0, 0);
insert into tb_resultado (id_prova, id_piloto, nr_tempo_prova, nr_coloc_final, nr_posicao_grid, nr_melhor_volta) values (318, 78, to_date('00:00:00','hh24:mi:ss'), 28, 0, 0);
insert into tb_resultado (id_prova, id_piloto, nr_tempo_prova, nr_coloc_final, nr_posicao_grid, nr_melhor_volta) values (318, 143, to_date('00:00:00','hh24:mi:ss'), 29, 0, 0);
insert into tb_resultado (id_prova, id_piloto, nr_tempo_prova, nr_coloc_final, nr_posicao_grid, nr_melhor_volta) values (318, 128, to_date('00:00:00','hh24:mi:ss'), 30, 0, 0);
insert into tb_resultado (id_prova, id_piloto, nr_tempo_prova, nr_coloc_final, nr_posicao_grid, nr_melhor_volta) values (318, 133, to_date('00:00:00','hh24:mi:ss'), 31, 0, 0);
insert into tb_resultado (id_prova, id_piloto, nr_tempo_prova, nr_coloc_final, nr_posicao_grid, nr_melhor_volta) values (318, 120, to_date('00:00:00','hh24:mi:ss'), 32, 0, 0);
insert into tb_resultado (id_prova, id_piloto, nr_tempo_prova, nr_coloc_final, nr_posicao_grid, nr_melhor_volta) values (318, 129, to_date('00:00:00','hh24:mi:ss'), 33, 0, 0);
insert into tb_resultado (id_prova, id_piloto, nr_tempo_prova, nr_coloc_final, nr_posicao_grid, nr_melhor_volta) values (319, 77, to_date('00:00:00','hh24:mi:ss'), 1, 1, 0);
insert into tb_resultado (id_prova, id_piloto, nr_tempo_prova, nr_coloc_final, nr_posicao_grid, nr_melhor_volta) values (319, 102, to_date('00:00:00','hh24:mi:ss'), 2, 2, 0);
insert into tb_resultado (id_prova, id_piloto, nr_tempo_prova, nr_coloc_final, nr_posicao_grid, nr_melhor_volta) values (319, 119, to_date('00:00:00','hh24:mi:ss'), 3, 5, 0);
insert into tb_resultado (id_prova, id_piloto, nr_tempo_prova, nr_coloc_final, nr_posicao_grid, nr_melhor_volta) values (319, 117, to_date('00:00:00','hh24:mi:ss'), 4, 4, 0);
insert into tb_resultado (id_prova, id_piloto, nr_tempo_prova, nr_coloc_final, nr_posicao_grid, nr_melhor_volta) values (319, 84, to_date('00:00:00','hh24:mi:ss'), 5, 19, 0);
insert into tb_resultado (id_prova, id_piloto, nr_tempo_prova, nr_coloc_final, nr_posicao_grid, nr_melhor_volta) values (319, 131, to_date('00:00:00','hh24:mi:ss'), 6, 14, 0);
insert into tb_resultado (id_prova, id_piloto, nr_tempo_prova, nr_coloc_final, nr_posicao_grid, nr_melhor_volta) values (319, 137, to_date('00:00:00','hh24:mi:ss'), 7, 10, 0);
insert into tb_resultado (id_prova, id_piloto, nr_tempo_prova, nr_coloc_final, nr_posicao_grid, nr_melhor_volta) values (319, 127, to_date('00:00:00','hh24:mi:ss'), 8, 18, 0);
insert into tb_resultado (id_prova, id_piloto, nr_tempo_prova, nr_coloc_final, nr_posicao_grid, nr_melhor_volta) values (319, 123, to_date('00:00:00','hh24:mi:ss'), 9, 17, 0);
insert into tb_resultado (id_prova, id_piloto, nr_tempo_prova, nr_coloc_final, nr_posicao_grid, nr_melhor_volta) values (319, 133, to_date('00:00:00','hh24:mi:ss'), 10, 26, 0);
insert into tb_resultado (id_prova, id_piloto, nr_tempo_prova, nr_coloc_final, nr_posicao_grid, nr_melhor_volta) values (319, 99, to_date('00:00:00','hh24:mi:ss'), 11, 24, 0);
insert into tb_resultado (id_prova, id_piloto, nr_tempo_prova, nr_coloc_final, nr_posicao_grid, nr_melhor_volta) values (319, 100, to_date('00:00:00','hh24:mi:ss'), 12, 20, 0);
insert into tb_resultado (id_prova, id_piloto, nr_tempo_prova, nr_coloc_final, nr_posicao_grid, nr_melhor_volta) values (319, 94, to_date('00:00:00','hh24:mi:ss'), 13, 7, 0);
insert into tb_resultado (id_prova, id_piloto, nr_tempo_prova, nr_coloc_final, nr_posicao_grid, nr_melhor_volta) values (319, 30, to_date('00:00:00','hh24:mi:ss'), 14, 9, 0);
insert into tb_resultado (id_prova, id_piloto, nr_tempo_prova, nr_coloc_final, nr_posicao_grid, nr_melhor_volta) values (319, 65, to_date('00:00:00','hh24:mi:ss'), 15, 23, 0);
insert into tb_resultado (id_prova, id_piloto, nr_tempo_prova, nr_coloc_final, nr_posicao_grid, nr_melhor_volta) values (319, 138, to_date('00:00:00','hh24:mi:ss'), 16, 15, 0);
insert into tb_resultado (id_prova, id_piloto, nr_tempo_prova, nr_coloc_final, nr_posicao_grid, nr_melhor_volta) values (319, 88, to_date('00:00:00','hh24:mi:ss'), 17, 25, 0);
insert into tb_resultado (id_prova, id_piloto, nr_tempo_prova, nr_coloc_final, nr_posicao_grid, nr_melhor_volta) values (319, 81, to_date('00:00:00','hh24:mi:ss'), 18, 8, 0);
insert into tb_resultado (id_prova, id_piloto, nr_tempo_prova, nr_coloc_final, nr_posicao_grid, nr_melhor_volta) values (319, 95, to_date('00:00:00','hh24:mi:ss'), 19, 3, 0);
insert into tb_resultado (id_prova, id_piloto, nr_tempo_prova, nr_coloc_final, nr_posicao_grid, nr_melhor_volta) values (319, 70, to_date('00:00:00','hh24:mi:ss'), 20, 13, 0);
insert into tb_resultado (id_prova, id_piloto, nr_tempo_prova, nr_coloc_final, nr_posicao_grid, nr_melhor_volta) values (319, 57, to_date('00:00:00','hh24:mi:ss'), 21, 21, 0);
insert into tb_resultado (id_prova, id_piloto, nr_tempo_prova, nr_coloc_final, nr_posicao_grid, nr_melhor_volta) values (319, 110, to_date('00:00:00','hh24:mi:ss'), 22, 11, 0);
insert into tb_resultado (id_prova, id_piloto, nr_tempo_prova, nr_coloc_final, nr_posicao_grid, nr_melhor_volta) values (319, 109, to_date('00:00:00','hh24:mi:ss'), 23, 12, 0);
insert into tb_resultado (id_prova, id_piloto, nr_tempo_prova, nr_coloc_final, nr_posicao_grid, nr_melhor_volta) values (319, 139, to_date('00:00:00','hh24:mi:ss'), 24, 16, 0);
insert into tb_resultado (id_prova, id_piloto, nr_tempo_prova, nr_coloc_final, nr_posicao_grid, nr_melhor_volta) values (319, 91, to_date('00:00:00','hh24:mi:ss'), 25, 22, 0);
insert into tb_resultado (id_prova, id_piloto, nr_tempo_prova, nr_coloc_final, nr_posicao_grid, nr_melhor_volta) values (319, 55, to_date('00:00:00','hh24:mi:ss'), 26, 6, 0);
insert into tb_resultado (id_prova, id_piloto, nr_tempo_prova, nr_coloc_final, nr_posicao_grid, nr_melhor_volta) values (319, 105, to_date('00:00:00','hh24:mi:ss'), 27, 0, 0);
insert into tb_resultado (id_prova, id_piloto, nr_tempo_prova, nr_coloc_final, nr_posicao_grid, nr_melhor_volta) values (319, 78, to_date('00:00:00','hh24:mi:ss'), 28, 0, 0);
insert into tb_resultado (id_prova, id_piloto, nr_tempo_prova, nr_coloc_final, nr_posicao_grid, nr_melhor_volta) values (319, 128, to_date('00:00:00','hh24:mi:ss'), 29, 0, 0);
insert into tb_resultado (id_prova, id_piloto, nr_tempo_prova, nr_coloc_final, nr_posicao_grid, nr_melhor_volta) values (319, 103, to_date('00:00:00','hh24:mi:ss'), 30, 0, 0);
insert into tb_resultado (id_prova, id_piloto, nr_tempo_prova, nr_coloc_final, nr_posicao_grid, nr_melhor_volta) values (319, 87, to_date('00:00:00','hh24:mi:ss'), 31, 0, 0);
insert into tb_resultado (id_prova, id_piloto, nr_tempo_prova, nr_coloc_final, nr_posicao_grid, nr_melhor_volta) values (319, 144, to_date('00:00:00','hh24:mi:ss'), 32, 0, 0);
insert into tb_resultado (id_prova, id_piloto, nr_tempo_prova, nr_coloc_final, nr_posicao_grid, nr_melhor_volta) values (320, 102, to_date('00:00:00','hh24:mi:ss'), 1, 1, 0);
insert into tb_resultado (id_prova, id_piloto, nr_tempo_prova, nr_coloc_final, nr_posicao_grid, nr_melhor_volta) values (320, 95, to_date('00:00:00','hh24:mi:ss'), 2, 3, 0);
insert into tb_resultado (id_prova, id_piloto, nr_tempo_prova, nr_coloc_final, nr_posicao_grid, nr_melhor_volta) values (320, 77, to_date('00:00:00','hh24:mi:ss'), 3, 2, 0);
insert into tb_resultado (id_prova, id_piloto, nr_tempo_prova, nr_coloc_final, nr_posicao_grid, nr_melhor_volta) values (320, 137, to_date('00:00:00','hh24:mi:ss'), 4, 5, 0);
insert into tb_resultado (id_prova, id_piloto, nr_tempo_prova, nr_coloc_final, nr_posicao_grid, nr_melhor_volta) values (320, 119, to_date('00:00:00','hh24:mi:ss'), 5, 4, 0);
insert into tb_resultado (id_prova, id_piloto, nr_tempo_prova, nr_coloc_final, nr_posicao_grid, nr_melhor_volta) values (320, 81, to_date('00:00:00','hh24:mi:ss'), 6, 8, 0);
insert into tb_resultado (id_prova, id_piloto, nr_tempo_prova, nr_coloc_final, nr_posicao_grid, nr_melhor_volta) values (320, 139, to_date('00:00:00','hh24:mi:ss'), 7, 13, 0);
insert into tb_resultado (id_prova, id_piloto, nr_tempo_prova, nr_coloc_final, nr_posicao_grid, nr_melhor_volta) values (320, 110, to_date('00:00:00','hh24:mi:ss'), 8, 12, 0);
insert into tb_resultado (id_prova, id_piloto, nr_tempo_prova, nr_coloc_final, nr_posicao_grid, nr_melhor_volta) values (320, 70, to_date('00:00:00','hh24:mi:ss'), 9, 16, 0);
insert into tb_resultado (id_prova, id_piloto, nr_tempo_prova, nr_coloc_final, nr_posicao_grid, nr_melhor_volta) values (320, 131, to_date('00:00:00','hh24:mi:ss'), 10, 9, 0);
insert into tb_resultado (id_prova, id_piloto, nr_tempo_prova, nr_coloc_final, nr_posicao_grid, nr_melhor_volta) values (320, 65, to_date('00:00:00','hh24:mi:ss'), 11, 21, 0);
insert into tb_resultado (id_prova, id_piloto, nr_tempo_prova, nr_coloc_final, nr_posicao_grid, nr_melhor_volta) values (320, 109, to_date('00:00:00','hh24:mi:ss'), 12, 11, 0);
insert into tb_resultado (id_prova, id_piloto, nr_tempo_prova, nr_coloc_final, nr_posicao_grid, nr_melhor_volta) values (320, 105, to_date('00:00:00','hh24:mi:ss'), 13, 15, 0);
insert into tb_resultado (id_prova, id_piloto, nr_tempo_prova, nr_coloc_final, nr_posicao_grid, nr_melhor_volta) values (320, 127, to_date('00:00:00','hh24:mi:ss'), 14, 14, 0);
insert into tb_resultado (id_prova, id_piloto, nr_tempo_prova, nr_coloc_final, nr_posicao_grid, nr_melhor_volta) values (320, 133, to_date('00:00:00','hh24:mi:ss'), 15, 23, 0);
insert into tb_resultado (id_prova, id_piloto, nr_tempo_prova, nr_coloc_final, nr_posicao_grid, nr_melhor_volta) values (320, 90, to_date('00:00:00','hh24:mi:ss'), 16, 18, 0);
insert into tb_resultado (id_prova, id_piloto, nr_tempo_prova, nr_coloc_final, nr_posicao_grid, nr_melhor_volta) values (320, 87, to_date('00:00:00','hh24:mi:ss'), 17, 17, 0);
insert into tb_resultado (id_prova, id_piloto, nr_tempo_prova, nr_coloc_final, nr_posicao_grid, nr_melhor_volta) values (320, 100, to_date('00:00:00','hh24:mi:ss'), 18, 22, 0);
insert into tb_resultado (id_prova, id_piloto, nr_tempo_prova, nr_coloc_final, nr_posicao_grid, nr_melhor_volta) values (320, 57, to_date('00:00:00','hh24:mi:ss'), 19, 25, 0);
insert into tb_resultado (id_prova, id_piloto, nr_tempo_prova, nr_coloc_final, nr_posicao_grid, nr_melhor_volta) values (320, 91, to_date('00:00:00','hh24:mi:ss'), 20, 26, 0);
insert into tb_resultado (id_prova, id_piloto, nr_tempo_prova, nr_coloc_final, nr_posicao_grid, nr_melhor_volta) values (320, 94, to_date('00:00:00','hh24:mi:ss'), 21, 10, 0);
insert into tb_resultado (id_prova, id_piloto, nr_tempo_prova, nr_coloc_final, nr_posicao_grid, nr_melhor_volta) values (320, 30, to_date('00:00:00','hh24:mi:ss'), 22, 6, 0);
insert into tb_resultado (id_prova, id_piloto, nr_tempo_prova, nr_coloc_final, nr_posicao_grid, nr_melhor_volta) values (320, 55, to_date('00:00:00','hh24:mi:ss'), 23, 7, 0);
insert into tb_resultado (id_prova, id_piloto, nr_tempo_prova, nr_coloc_final, nr_posicao_grid, nr_melhor_volta) values (320, 78, to_date('00:00:00','hh24:mi:ss'), 24, 19, 0);
insert into tb_resultado (id_prova, id_piloto, nr_tempo_prova, nr_coloc_final, nr_posicao_grid, nr_melhor_volta) values (320, 123, to_date('00:00:00','hh24:mi:ss'), 25, 20, 0);
insert into tb_resultado (id_prova, id_piloto, nr_tempo_prova, nr_coloc_final, nr_posicao_grid, nr_melhor_volta) values (320, 138, to_date('00:00:00','hh24:mi:ss'), 26, 24, 0);
insert into tb_resultado (id_prova, id_piloto, nr_tempo_prova, nr_coloc_final, nr_posicao_grid, nr_melhor_volta) values (320, 88, to_date('00:00:00','hh24:mi:ss'), 27, 0, 0);
insert into tb_resultado (id_prova, id_piloto, nr_tempo_prova, nr_coloc_final, nr_posicao_grid, nr_melhor_volta) values (320, 84, to_date('00:00:00','hh24:mi:ss'), 28, 0, 0);
insert into tb_resultado (id_prova, id_piloto, nr_tempo_prova, nr_coloc_final, nr_posicao_grid, nr_melhor_volta) values (320, 128, to_date('00:00:00','hh24:mi:ss'), 29, 0, 0);
insert into tb_resultado (id_prova, id_piloto, nr_tempo_prova, nr_coloc_final, nr_posicao_grid, nr_melhor_volta) values (320, 92, to_date('00:00:00','hh24:mi:ss'), 30, 0, 0);
insert into tb_resultado (id_prova, id_piloto, nr_tempo_prova, nr_coloc_final, nr_posicao_grid, nr_melhor_volta) values (320, 99, to_date('00:00:00','hh24:mi:ss'), 31, 0, 0);
insert into tb_resultado (id_prova, id_piloto, nr_tempo_prova, nr_coloc_final, nr_posicao_grid, nr_melhor_volta) values (320, 144, to_date('00:00:00','hh24:mi:ss'), 32, 0, 0);

commit;